username,rating,comment,timestamp
r*****o,5,The quality of the item is good. The amount of item is sufficient. It fits perfectly on my personal item. Will recommend and order again. The delivery of the item is also top notch. The packaging as well.,2024-08-13 04:45:56
just_justin3,5,"Performance:Good
Best Feature:Sound
Product Quality:Good

Thank you seller kasi maganda ang item tas mura pa may freebies din maraming salamat sorry sa late rate Godbless",2024-03-12 23:26:26
lunacat22,5,"Best Feature:music notes are very distinct; voice is easy to understand and not muffled
Performance:crisp, clear sound quality
Product Quality:very good

Thank you seller and delivery driver. Package was secure and delivered on time.",2024-03-19 09:50:05
a*****e,5,"Product Quality:Excellent

Thank you for the cute freebie... I like it a lot. The earphones sounds like the original samsung earphones. Noise cancelling is its best feature by the way.",2023-12-12 11:58:57
a*****z,5,"Performance:good
Best Feature:good
Product Quality:good

Gumagana naman sya at maayos din ang tunog. Thank you seller at thank you din kay kuya na nag deliver keep safe po lage",2024-01-10 12:21:41
k*****i,5,"Performance:the volume is loud enough
Best Feature:loud bass
Product Quality:the mic is working well

The item was delivered earlier than expected.There is a cute stand freebie given and also it was safely packed. Thank you so much seller for affordable earphones.",2023-12-05 07:40:22
helios_41,5,"Product Quality:Good
Performance:Excellent
Best Feature:Good

Maganda siya, nakabubble rap and then mabilis dumating",2024-05-13 13:07:02
,5,The seller shipped out my order right away and the items arrived complete and in great working condition without any damage.,2023-12-19 01:45:31
a*****z,5,"Product Quality:good
Performance:good
Best Feature:good

Favorite ko talaga yong store na to kasi orig talaga mga bini binta nila. Thank you seller at thank you din kay kuya na nag deliver",2024-07-09 13:05:08
g*****a,5,"Product Quality:excellent
Performance:excellent
Best Feature:excellent

Thank you so much seller its been my 3rd time to order in this shop...sobrang quality and affordable sulit üëç Godbless seller and rider ü´°",2024-09-17 08:13:26
p*****5,5,"Product Quality:ok
Performance:ok
Best Feature:ok

The earphones that we bought are working fine. Aside from the earphone, there are also bonus item, the cellphone holder.",2024-01-12 23:21:59
a*****e,5,"I recently purchased a pair of earphones, and I am absolutely thrilled with my experience! From the moment I clicked ""buy,"" I was impressed. They arrived at my doorstep within just a couple of days, far exceeding my expectations. The packaging was sleek and professional, ensuring the earphones were well-protected during transit. The sound quality is outstanding‚Äîcrisp highs, deep bass, and a balanced midrange that makes every genre of music enjoyable. I've used them for everything from casual listening to intense workouts, and they‚Äôve held up beautifully.
The battery life is impressive, lasting all day without needing a charge. Overall, I couldn't be happier with this purchase. The combination of quick delivery and exceptional product quality has made me a loyal customer. Highly recommended for anyone in need of reliable earphones!",2024-09-04 06:23:14
i*****0,5,"Best Feature:Good sound, it is loud
Performance:Good Sound
Product Quality:it is okay

Maganda, di tunog lata
Malakas tunog
Might change my review if di tumagal
Love the freebies",2024-10-27 09:17:57
k*****m,5,"Performance:working malakas
Best Feature:tagal masira tapos orig
Product Quality:original naman

Tagal nito kumpara sa iba kaha dito ako madalas bumili stock or pag nawala ko haha",2024-06-24 19:14:14
k1h_0lv6km,5,"Product Quality:sobrang tibay
Performance:long lasting hindi sisirain
Best Feature:di madaling masira

Original talaga so salamat seller sana next time mas goods freebie regular costumer na ako ee hahaha",2024-02-20 10:10:17
o*****r,5,"Product Quality:üëç
Performance:üëç
Best Feature:quality at low price

Thank you sellerüôè fast s.o.,  well-packed, complete, correct variations  and colors, sealed, and  wd 2 freebiesü•∞  thank you, too SPX and rider for parcel's safe deliveryüôè",2024-10-18 14:39:27
m*****5,4,"Product Quality:good
Performance:good
Best Feature:good

Ok nman boo ung sound.  Thank you seller. God bless ‚ù§",2024-07-09 07:04:00
saimahmadid490,5,"Product Quality:Good
Best Feature:very satisfied
Performance:Good

Maganda siya at gumagana, at diko iniixpect na may pa freebie si seller, thank you po at kay rider. üòä",2024-08-24 00:45:31
rookieshaker,5,"Product Quality:9/10
Performance:9/10
Best Feature:9/10

2nd time to order Lagi may freebie na stand nkakatuwa kahit overseas undestndabk Ang time ng delivery salamat seller stay safe",2024-07-02 13:08:19
i*****s,5,Arrived safely. No issues. Works both earbuds naman. Pwedeng pwede na for its cheap price. I even received a freebie pa. Thank you!,2024-08-30 16:02:03
c2evertym,5,"Product Quality:Great
Best Feature:No Damage
Performance:Great

Nice product. It works and it has free phone stand.",2024-10-04 22:47:56
i*****s,5,"Arrived safely with a freebie. Bought for the nth time so this shop is tried and tested for working Samsung earphones.

Thanks!",2024-08-05 15:58:19
jonasjohnesmaya,5,"Product Quality:good
Best Feature:good
Performance:good

The sound is good well pack it safe to deliver thanks seller.",2024-07-08 12:03:29
kylieeeeetoot1234,5,"Performance:works fine
Best Feature:wrapped well
Product Quality:it's gonna last long with care

Thank you seller thanks shopee rider. I love  Shopee super nice hehehe‚ô•Ô∏è‚ô•Ô∏è‚ô•Ô∏è‚ô•Ô∏è",2024-02-17 05:53:49
m*****9,5,"Performance:Quality look
Best Feature:Sounds like original
Product Quality:All good

3rd time ko na ata ng order dito kasi super ganda ng quality ng headset nila kahit di siya totally original. Both are working and correct color din naman ung na deliver. Same freebies before.hehe thank you again seller and more orders to come! üôÇ God bless

Will order again soon if needed na ulit. And I will highly recommend this page to my friend/s who needs a cheaper but quality sound headset üëå",2024-06-07 10:35:12
jhoninda,5,"Best Feature:10/10
Performance:10/10
Product Quality:10/10

Salamat seller ang ganda po ng item order ako uliT sasusunoD..",2024-10-25 07:42:35
b*****8,5,"Performance:10/10
Best Feature:10/10
Product Quality:10/10

Parang original lang. Tiwala na ako dito at pang ilang beses ko na rin bili. Nagtatagal ng ilang buwan talaga eh. Thank you!",2023-12-29 05:40:59
chongradjaie,5,"Product Quality:niceone
Performance:good
Best Feature:good

Legit na legit parang orig tlaga at thankyou seller sa freebies

100%legit",2024-07-24 13:55:37
ramelguevarra700,5,"Product Quality:good
Performance:good

Ok na ok po sya super bass po masarap pakingan na music",2024-05-30 07:39:22
247jmpkwwe,5,"Performance:good
Product Quality:good

nice",2024-10-14 00:47:56
f*****r,5,"Product Quality:excellent
Performance:both ears are working
Best Feature:good for music

The earphones I received have great quality. It is good for its price. Thank you so much.",2024-07-13 09:55:13
3*****k,5,"Product Quality:amazing product. sobrang original matagal sakin to mga 1 year
Performance:hmmm malakas.... Hindi binigo
Best Feature:mouthpiece are fine..... sobrang worth it",2024-05-05 03:41:46
zang_33,5,"Product Quality:high quality headset sounds good ‚ù§Ô∏è‚ù§Ô∏è‚ù§Ô∏è‚ù§Ô∏è
Performance:super ‚ù§Ô∏è‚ù§Ô∏è‚ù§Ô∏è‚ù§Ô∏è‚ù§Ô∏è‚ù§Ô∏è‚ù§Ô∏è

highly recommended shop ‚ù§Ô∏è‚ù§Ô∏è‚ù§Ô∏è 
thank u for the freebies too‚ù§Ô∏è‚ù§Ô∏è‚ù§Ô∏è‚ù§Ô∏è‚ù§Ô∏è",2024-04-12 08:26:54
p*****g,5,"Performance:Good
Product Quality:Good

Gooddddd qualityyyyy syyaaa guyssssssssss, sulittttt kaya bili na kayo......... Buy more Ang eababbbbbb.",2024-10-22 12:05:23
i*****s,5,"Arrived safely with a freebie. No issues. Works perfectly. Bought twice from this store so, tried and tested na talaga. Bought another one lang ulit for reserve earphones. Thank you so much! Will buy some more ulit next time.",2024-04-14 09:29:09
mmshipharmacist,5,"Product Quality:okay for its price

In terms of sound quality, these earphones perform well for their price point. The audio is clear and balanced, making them a great option for everyday use. If you're looking for a budget-friendly pair of earphones with decent sound quality, the Samsung 3.5mm jack earphones are a solid choice. Also,i appreciate the free cellphone stand. Thank you,Seller!",2024-05-21 04:04:57
a*****z,5,"Thank you seller ‚ô•Ô∏è‚ù§Ô∏èüíñ & for the freebies
Goplatform. When someone searches for a business in or looks for directions in reviews are one of the first things they will see.
All you need to have to leave a review is a Google account, and it is a free service. The popularity ofas a search engine and means that these reviews are much more widely read than those on websites like Trustpilot.",2024-01-15 05:05:56
lablyjeanlipio,5,"Product Quality:10
Performance:10
Best Feature:10

nag ganda at malakas siya parang original üòä",2024-08-24 10:49:18
cee_ey,5,"Performance:‚≠ê‚≠ê‚≠ê‚≠ê‚≠ê
Product Quality:‚≠ê‚≠ê‚≠ê‚≠ê‚≠ê

The quality of the sound is amazing for an affordable price. The mic also works. It doesn't have a volume control but that's ok. Thank you seller for sending the correct item and for the freebie!",2024-04-10 06:42:57
lourdes.recto0615,5,"Performance:very good
Product Quality:ok naman ang quality
Best Feature:the sound it releases is nice

Thank you kay seller at sa kuya rider bilis dumating ng parcel ko.",2024-10-10 12:39:08
rojeanmaesua,5,"Best Feature:10
Product Quality:10
Performance:10

Good",2024-07-26 00:34:04
roseannfalcasantos,5,"Product Quality:Good
Performance:Good

Subrang ganda at sakto binigay niya Yong g order ko thank you seller",2024-03-10 03:28:14
andrepenalver,5,"Performance:very good
Best Feature:super good
Product Quality:super good

This is my second purchase of this item and still it is very good the quality of it and performance, also thank you seller for the freebie you gave hoping to buy againüòä..",2024-05-07 11:23:23
jm091095,5,"Performance:pang original talaga tunog
Product Quality:matibay",2024-05-24 03:06:54
robertocurioso,5,"Product Quality:good!

Legit maganda yung runog nya..üôÇ sana magtagal.. thanks! üôÇ",2024-08-20 08:46:49
girdz,5,"Did you know? Sunjae's swimming rival is really the 2008 Olympic Champion of the 2008 Summer Olympics held in Beijing, China. 

Park Tae-Hwan won a gold medal in the meter freestyle event and a silver medal in the 200-meter freestyle event. He is the first Asian swimmer to claim a gold medal in the men's 4meter freestyle, and the only Korean to win an Olympic medal in swimming to date.

Fun Fact: Park Tae Hwan agreed for the cameo because of Kim Hye7-Yoon. They know each other in one reality show of SBS 'Law Of The",2024-05-20 15:01:17
j*****a,5,"Performance:nice
Product Quality:great
Best Feature:clear sound

Impressive...has a clear sound considering that it   has a cheaper price..",2024-04-22 13:36:19
j8k4ynoh4q,4,"Performance:okay
Product Quality:okay
Best Feature:okay",2024-06-18 01:13:13
ojaybandico,5,"Product Quality:Good
Best Feature:Good
Performance:Good

Salamat sa freebies",2024-04-29 08:43:41
a*****2,5,"Best Feature:Great!
Product Quality:Great!
Performance:Great!

Surely my go to shop if my earphones will be destroyed again hahahah nice quality! Super nice nung sounds same quality sa original headset ko.",2024-03-04 11:08:15
s*****n,5,"Best Feature:Good
Performance:Good
Product Quality:Good

Maganda po ang item. Gumagana po sya. Overall 5/5 ‚ú® Will order again. Tysm seller & shopee ‚ù§Ô∏è",2024-01-31 09:54:20
bg8wp6487h,5,"Product Quality:good  quality
Best Feature:all functions
Performance:Great

I'll give 5 star,responsible seller, the items packed we'll, safely and fast delivery, I'm happy to receive my order,happy shopping",2024-02-03 05:52:47
lornasalen,5,"Best Feature:10
Performance:10
Product Quality:10

Sound is good and quality is nice. I like also the freebie, so cute cellphone holder. Thank you seller.",2024-10-05 05:42:05
h*****7,5,"Performance:good maganda yung sounds napakalakas
Best Feature:üíØ
Product Quality:üíØ

Thank u so much for this! Ang ganda ng tunog nya legit!",2024-07-20 06:30:22
j*****a,5,"Product Quality:the best
Best Feature:clarity of the sound
Performance:great

My second time to purchase this item because my first other one is used by my son. I love the clarity of the sound considering that it is cheap.",2024-10-25 23:24:31
samantha_smith091720,5,"Best Feature:sounds good üòä
Performance:good performance
Product Quality:very good quality

This is my 2nd order of Samsung earphones
Best quality and sounds thank you sellerüòá‚ò∫Ô∏è",2024-03-31 02:41:41
maryasel,5,"Best Feature:Amazing
Performance:Nice
Product Quality:Good

With so many problems in the world right now, it's almost impossible to solve them all. If only people in power were not so greedy for money, the world would be a better place for everyone. This is why I used the phrase ‚ÄúGirl with all the superpowers‚Äù to generate my own AI artwork. Having one superpower is already incredible; imagine having every superpower. One would be unstoppable. I imagine that person as me. If I had every ability, I would love to take part in solving all the problems. However, that is far from possible. I think this is one of the many purposes of art: to imagine and visualize the unimaginable. Art allows you to create things beyond possibility. It serves as a safe haven and a great escape.",2024-07-14 02:40:57
gyanvirgeld.oliveros,5,"Product Quality:Amazing
Performance:Excellent
Best Feature:Amazing

Very Good, Very nice, Good Quality sounds, NICE NICE!!!! GOOD JOB, Pahingi benteüòÅüëåüèª Ganda ng rating ko sa inyo ahü•∞ü•∞ Labyuü•∞ü•∞",2024-06-11 13:37:27
mylenemojar654,5,"Performance:Good
Product Quality:Good

Ok sya ganda ng sound  thanks din sa freebie ‚ù§Ô∏è",2023-12-18 04:04:53
deckieee03,5,"Product Quality:Good
Best Feature:Good
Performance:Good

Good sa presyo ang quality kahit made in china sya di sya nagkakalayo sa made in vietnam na gawa tlga ng samsung",2024-06-15 15:16:43
ivasabuero,5,"Performance:lakasss ng volume, like it very much! ‚ú®‚ú®",2024-08-28 07:16:57
katetimothy,5,"Product Quality:good
Performance:excellent
Best Feature:with freebie

It has good quality and I've been listening to music a lot Soo, it's a relief that I didn't got disadvantage when I got the product",2024-04-25 13:42:28
riexz,5,"oks na sya pra sa price nya ü§ô (tho hindi tlga siya parang original, ok na syang panghalili‚Äîhindi gaano lubog ang sounds) thank u",2024-08-30 11:02:08
d*****5,5,"Product Quality:Good and looks durable
Best Feature:the sound
Performance:it's not basag even if you full the volume

The earphone sound quality is so good sa price na 99 php lang. I was amazed with its performance and how it came with a cute freebie na phone stand. This product feel so legit. I really love this cause it makes me remember my free stress days self. Overall, worth it and magaan super sa bulsa.",2024-01-03 03:50:23
m*****n,5,"Product Quality:good
Best Feature:okay
Performance:malakas at maganda nmn ang sound

Thanks seller and rider. Ngayon lang nakapag review na busy kasi. Pangalawang bili ko na dito ngayon at same na maayos at maganda ang sound. hindi mahina o parang kulob. Sana lang tumagal din tulad sa unang bili ko dito.",2024-02-24 03:01:29
dorismorales415,5,"Performance:grabe legit na original
Product Quality:very good sound
Best Feature:same with the original

Thank you seller legit na orginal ang ganda sound.... thank sa freebiesüòäüòäüòäüòä",2024-01-15 00:12:33
jeck_hardy,5,"Thank you very much, I received 2 days ago but I just had the time to give a review today due to some prior errands. So sorry. Anyways, very nice audio. Good job.",2024-02-12 05:09:59
lenixx123,5,"Product Quality:Superb

Kuhang kuhang yung quality ng original, super sulit, with freebies pa, thank you seller!",2024-03-22 06:33:59
greceljoydatwin,5,"Best Feature:Good
Performance:Good
Product Quality:Good

Nagustuhan ko siya saka good condition naman yung products walang damage, thank you seller!!!",2024-07-26 21:49:33
byul.fiandre,5,"Performance:10/10
Product Quality:10/10
Best Feature:10/10

Omgggg! Nahanap ko kayo. Gustong gusto ko talgaa product nyo. Di bingi pakinggan yung sound. Parang original tunog ;-;
Thank youuuuuu
Di ako naka pic. Natuwa ako, ginamit ko agad.",2024-03-28 06:26:53
m*****s,5,"Best Feature:Sound quality
Performance:Super nice
Product Quality:High quality

Pang anim ko na atang headset na naorder ko dito. Walang palya. Lahat maganda, sound quality the best. Kaya pag bibili ulit ako nang headset. Dito lang tlaga ako sa store natuh bibili. Thank you po.",2024-10-26 01:19:22
jaswillgraceann,5,"Product Quality:matibay
Best Feature:100
Performance:100

3rd times na Ako umorder dto d talaga ako binibigo, thank you seller.",2024-06-19 23:06:53
6a6b1pw1kk,5,"Performance:good
Product Quality:good quality
Best Feature:good",2024-02-05 05:31:05
sheilamaebulatin809,5,"Performance:ok
Product Quality:ok
Best Feature:it fits on my ear

The product is okay it fits in my ear and it works too the sound has a little crack but it's manageable.",2024-07-23 13:51:36
k*****z,5,"love it, was hesitant to order it at first, but it did not disappoint me, nice quality, thank you seller more power thank you",2024-10-16 08:16:20
imjanet05,5,"pang tatlong order kona to,nirecommend ko sa mga kapatid ko,sobrang ganda ng tunog nya at matibay ket mag bayu bayuot at mag papatak patak hindi nasisira,di gaya ng iba na konting patak sira agad",2024-07-26 04:20:36
m*****8,5,"Best Feature:compatible on my phone
Performance:not that really good in soundsüòî
Product Quality:nice

Ok nmn xa,yun nga lang parang basag yunh soundsüòî",2024-08-29 11:28:37
aundrieskye,5,Thanks seller..good ang item at wlamg damage..may pa.freebies pa,2024-03-20 08:35:11
j*****y,5,"Product Quality:good
Performance:good",2024-07-18 14:43:29
9pyekn0xp4,4,"Product Quality:it came in pretty good shape as i was expecting
Best Feature:sound quality

The earphones was nice the sound too and thank you for the free phone stand it's so cute!!",2024-06-07 04:58:19
e*****s,5,"Best Feature:original
Performance:sounds good
Product Quality:mukhang matibay

Ang bilis dumating considering na galing pa sa ibang bansa salamat seller at rider sa pagdala",2024-03-19 07:35:29
l*****t,5,"Performance:goods
Product Quality:nice quality
Best Feature:functioning",2024-04-27 07:27:19
heaton,5,"Product Quality:Superb
Performance:Clear sound
Best Feature:Legit",2024-01-06 04:20:29
guilbertgiodahe,5,"Best Feature:good
Performance:excellent
Product Quality:good

I love the headset,,thanks for the fon stand freebie..thanks seller üëç",2024-10-22 00:12:04
a*****a,5,"Performance:very clear sound
Product Quality:Looks Original
Best Feature:10/10

the item was great but the seller didn't wrapped the item properly with bubble wrap knowing the item will destroy easily during the shipment overall was ok with freebie thanks for that..


the pic&vid is not related",2024-03-09 02:14:08
stevencyronc.mediana,5,"Salamat po, masaya po ako na natangap ko yung order kahit na natagalan liget naman po yung order ko salamat‚ù§Ô∏è
Pag patuloy nyo po. Good day and god bless‚ù§Ô∏è",2024-08-24 02:42:03
laycaironaberido,5,"Performance:Good
Best Feature:Good
Product Quality:Good

Photos not related, ginagamit na po kasi, overall maganda nmn goods sya",2024-07-14 12:38:21
htaed18,5,"Performance:Excellent
Product Quality:Excellent

As always excellent product.",2024-03-11 14:53:47
shaereenpagaura,5,i really like it. worth the wait and worth the price !,2024-08-06 14:25:41
y4t3gycpkv,1,"Best Feature:not working to samsung a50
Performance:not wprking to samsung a50

Not working to samsung a50. Disappointed",2024-10-04 08:48:31
aundrieskye,5,"Performance:very good
Product Quality:95%
Best Feature:good

Thanks seller,good ang item at gumagana at my pa freebies pa..maganda din pagkakabalot ng parcel,, XEI XEI..",2024-09-08 22:12:35
ruelincastillo_123,5,Product Quality:I love the quality of the product it takes longer for about 5 months and the sound is also good.,2024-01-03 05:36:28
anneartiaga,5,"Performance:good
Product Quality:goods nmn

Gumagana nman sila dalawa lakas ng boses thank you seller",2024-05-16 00:46:11
rhxzxub803,5,Ok naman yung headset. Both well packed and functioning.,2024-05-07 15:14:37
k*****0,5,Maganda po and ang cute niyang tignan so yea must buy po and worth it hehe go po bilhin niyo na wala na ako matype but legit maganda,2024-05-06 14:15:32
yt0bk29jqa,5,"Product Quality:goods yung phone nya hindi basag
Performance:goods
Best Feature:basta bili na lang kayoüòÖ",2024-04-17 10:10:12
nelsonlacar,5,"Performance:good
Product Quality:good
Best Feature:good

salamat sa free bi na cellphone stand seller ü•∞ü•∞",2024-04-15 04:19:32
giegieroman,5,"Best Feature:nice
Product Quality:good
Performance:worth to wait

Maganda ndi masakit sa tenga,legit",2024-04-05 09:06:19
k*****o,5,"The item is delivered safe, no damage and everything is working. Thank you for your service",2024-01-13 07:29:12
boysaing,5,"Best Feature:Sana laging ganito pangalawang order ko na to
Performance:Ayos na ayos
Product Quality:MAGANDA",2024-02-29 02:52:29
m*****8,5,"Performance:9
Product Quality:9

Maganda ang tunog. Thank you",2024-06-29 10:22:25
1d24qggp6a,5,"Product Quality:VERY GOOD
Performance:VERY GOOD
Best Feature:VER GOOD

OKAY KEYO WAY DAOT",2024-05-16 04:34:36
maryrosetambong949,5,"Product Quality:Good
Best Feature:Good
Performance:Good

Original for me will buy next time‚ù§Ô∏è",2024-02-11 08:27:34
tr5dmaa_2t,5,Legit maganda sya goods naka balot ng bubble wrap at tama kulay dumating thank you seller üòäüòäüòä,2024-06-03 23:01:14
gab24i,5,Good quality..its working..good packaging with bubble wrapüòçüòçüòç and hav freebies..cp stand‚ù§Ô∏è,2024-04-30 01:41:13
adrianbuendia519,5,"Best Feature:nice sounds
Product Quality:looks premium
Performance:good for the price",2024-08-12 10:40:06
sacdalannormie,5,"Performance:ok na ok.
Product Quality:maganda tunog
Best Feature:ok angvsounds.

Thank seller..very nice item.",2024-10-05 08:57:54
e*****6,5,"Best Feature:same as the original one
Product Quality:good
Performance:good

When it came and I tested it, its okay but when i tested the button in the microphone area to check if its really play or stop the music, but it didnt work. But days later im shocked when it finally worked! Now it just like my original one! Soundz good",2024-02-27 10:35:19
m*****a,5,"Best Feature:close to original
Product Quality:good quality sound.
Performance:Very satisified

Very good considering it's affordable price",2024-04-02 05:52:23
a*****7,5,"Performance:10/10
Best Feature:10/10
Product Quality:10/10

Complete, no damage, and worth to buy. Thank you",2024-01-13 07:46:08
b*****7,5,"Performance:10
Product Quality:10
Best Feature:10

Excellent! 
Thank much, seller! üòç",2024-08-17 05:54:43
maharlikaaa,5,"Product Quality:100/100
Performance:100/100
Best Feature:100/100

Subrang Ganda At ang linis ng Kanyang Tunog.  basta maganda ang headset looking original talaga hihi.",2024-09-09 04:24:05
celestedivina01,5,"Product Quality:100%
Performance:Excellent quality tlga sa abot kayang halaga. Nakailang order na ko ng headset na Samsung.",2024-09-03 12:24:44
j*****3,5,"Performance:Very good

Second time order super legit seller and product‚ù§Ô∏è‚ù§Ô∏è",2024-06-05 11:09:42
c*****o,5,"Best Feature:simple to put in ear
Product Quality:high quality
Performance:better than expected",2024-04-23 11:48:59
kiritoenal,5,"Best Feature:Best headset
Performance:10/10
Product Quality:10/10

the sound and the bass on this headset is so nice, Loud and clear.",2024-03-24 05:31:44
c*****e,5,"Performance:very good

THANKYOU i love the product as well as the freebieü´∂",2024-03-11 10:18:30
f*****e,5,Best Feature:The sound is good and clear. The earphone lasts for a long time and is budget friendly.,2024-07-04 11:37:44
f*****9,5,"Product Quality:100% original
Best Feature:sound produced is the same as the original

thanks also for the freebie!!!!!",2024-02-29 07:57:48
3bfxxqq9eh,5,"Best Feature:sobrang ganda
Product Quality:verygoood
Performance:sobeang ganda ng tunig nya makakaorder ako ulitü§ó

Thankyouusoomuchhh seller",2024-02-14 01:30:18
johnfrancis407,5,"Best Feature:maganda,legit,original sya guyss,pangalawang order ko na,sulitt
Performance:maganda,buo ang tunog lalo na sa bass
Product Quality:maganda,orig,worth itttt",2024-10-08 09:41:38
vajoyyy_,5,"second time ordering, no doubts super ganda talaga ng quality",2024-02-02 12:43:02
judebungabong,5,"Performance:Good
Product Quality:Good
Best Feature:Good",2024-09-04 10:02:01
ustare,5,"Product Quality:good
Performance:good
Best Feature:loud",2024-07-28 12:38:11
richieagbayani,5,"Product Quality:good
Best Feature:good
Performance:good",2024-07-12 11:17:14
mikejaselle,5,"Product Quality:good
Performance:good
Best Feature:good",2024-06-24 00:46:00
nelsonlacar,5,"Best Feature:good
Product Quality:good
Performance:good",2024-04-23 03:17:06
ariesjordansantos,5,"Best Feature:good
Performance:good
Product Quality:good",2024-03-19 21:51:50
m*****s,5,"Best Feature:sound
Performance:very nice
Product Quality:super duper nice

My suki. I already bought and ordered here, 3 times already. Super satisfied and nice quality.",2024-05-08 16:35:49
leoriellopez,5,"Performance:Good

Goods kaau ma'am/ Sir Thanks 
Solid na solidü§ô",2024-03-15 23:53:02
kcirejlracoilisab,5,"Best Feature:high quality
Performance:nice sound
Product Quality:good

Thank you seller for the freebis..i would love to buy again",2024-04-27 08:06:59
anmar_123,5,"Product Quality:Perfect
Best Feature:Perfect
Performance:Good

Super Nice ,Ok na ok po ,Thanks seller ,Thanks sa pa freebie",2024-03-04 05:28:15
qb02rjbxtr,5,Good qualityüëç well packedüëç thank you for the freebiesüôÇ,2024-07-20 06:43:34
spencerpugayan,5,"Best Feature:good
Product Quality:EXCELLENT
Performance:EXCELLENT

Ganda ng tunog.. lakas ng base.. bili na kayo.. I will order again soon.. thanks sa freebie ..",2024-04-17 03:49:14
johnfrancis407,5,"Best Feature:maganda,matibay,legit na samsung headsettt,worth ittt
Performance:maganda,malinaw yung bass",2024-09-10 06:39:43
lornaunlayao,5,"Product Quality:good
Performance:good

Ganda talaga nitong earphone na to...kapag sira na ulit bibili ulit Ako,.... salamat sa rider...at sa seller...",2024-09-30 02:51:01
3*****a,5,"Product Quality:nice
Performance:nice
Best Feature:nice",2024-06-27 11:06:22
b*****8,5,"Performance:Good
Product Quality:Good
Best Feature:Good",2024-02-05 03:17:08
j*****a,5,MAGANDAA SIYAAA!! ANG GANDAA NG SOUNDDD!! THANKSSS SELLERRR!!!!,2024-09-13 21:57:19
alyssadaebaniqued,5,its gumagana thank you for my purchase heheheüòÇ wonderful birthday po ba ba ung mga wy to be a little late today but it will not,2024-09-03 11:10:03
97bs5f2gzz,5,"Best Feature:good
Performance:good
Product Quality:very good

Recommended products...",2024-02-18 13:38:38
byul.fiandre,5,"Best Feature:Sound Quality
Performance:10/10
Product Quality:10/10

Second time buying po. Gustong gusto ko po quality ng headset na to. Parang original.",2024-07-18 02:14:17
rafne03,5,"Product Quality:perfect
Performance:perfect
Best Feature:perfect

So perfect",2024-08-28 11:10:00
nphkg998yb,5,"Performance:excellent
Best Feature:good
Product Quality:good

Maganda matibay",2024-07-28 08:41:42
202kh98egg,5,"Product Quality:10/10
Best Feature:10/10
Performance:10/10",2024-06-22 12:45:32
liamaetuyor279,5,"Performance:perfect
Product Quality:perfect
Best Feature:perfect

Maganda",2024-05-20 12:30:12
noriana1521,5,"Best Feature:üëçüëçüëçüëçüëç
Performance:verrygood
Product Quality:goood

Magandang klaseüëç",2024-03-03 03:52:08
theweaked1,5,"Best Feature:ganda sa sound
Product Quality:og samsung

Sauulitin paalamüòÑ",2024-09-21 07:39:50
amarafajardo,5,"Best Feature:maayos
Performance:malakas
Product Quality:pwdee na",2024-06-14 08:14:53
mariouniana,5,"Product Quality:very nice
Performance:very nice

very nice",2024-02-01 00:04:50
cheslan,5,"legit na legit,ganda yung voice sa tenga.medyo delay lng dahil sa bagyo but super nice..thanks seller",2024-10-30 22:58:17
_alee08,5,"Performance:Excellent
Product Quality:Excellent
Best Feature:Durable",2024-06-14 16:39:00
melbacastillo26,5,"Product Quality:good
Performance:good
Best Feature:good

good product",2024-05-24 06:44:57
lhyne.88,5,"Performance:good
Product Quality:good
Best Feature:clear sound",2024-10-29 01:00:41
r*****o,5,"Product Quality:10/10
Best Feature:10/10
Performance:10/10

I'll order again.",2024-09-25 02:42:07
j*****4,5,"Best Feature:excellent
Performance:good
Product Quality:very goo",2024-05-13 08:52:58
marvintrankz,5,"Product Quality:10o
Best Feature:10o
Performance:100",2024-08-27 01:54:59
gablevi,5,"Performance:ok
Product Quality:ok
Best Feature:sounds good

Ok siya guys",2024-08-09 02:15:45
reymarkbroolarivera,5,"Best Feature:10/10
Performance:10/10
Product Quality:10/10

100% legit Po. üôÇ",2024-06-01 08:46:35
kiritoenal,5,"Best Feature:10
Performance:10
Product Quality:10

Excellent for this product.",2024-01-14 06:21:30
jonathantelebrico,5,"Product Quality:10
Best Feature:10
Performance:10

ang ganda",2024-06-15 12:10:55
ariz.shopee,4,Shipped fast even if I am in the Visayas. Sound quality is ok (y),2024-06-01 17:13:08
katana606,5,Thanks sa freebies. Also the headsets are working fine. Hope they last.,2024-05-01 12:01:25
c*****2,5,Maganda tunog parang original pero na bili q lng sya ng 139 pesos ksma na sf,2024-02-22 10:00:26
marecargarciagalagate,5,Thankyou po sa pa free...working nmn po good na good ganda ng tunog,2024-06-08 16:29:03
k0pnpqbpfw,4,"Performance:what u see is what u get
Product Quality:works well

Will mark as one of the legit shops here.",2024-09-28 14:38:01
y*****r,5,Still the same it has been my I don't how many purchases but I am still happy with the  product,2024-01-22 10:06:34
ma.cecilia23,4,Clear ang earphone pag nakikinig ka ng music o nanonood ng yt vids. Malapit na ang quality sa original samsung earphone. Tinutopak lang minsan kasi nawawala yung audio.,2024-06-07 07:45:48
joejoecloset,5,Samsung earphone..Sobra ganda at oorder pa ako sa susunod üòä.. may pa freebies pa si seller..,2024-04-22 12:32:31
elicute12,4,okey na okey talaga sa shop na to mukang original na headset tlga,2024-01-10 11:05:50
gk7v09kff_,5,"Product Quality:perfect!
Performance:10/10",2024-09-08 13:09:38
ferlysilvestre,5,"2nd order ko na, maganda at matibay..thank you seller & kuya rider..",2024-08-07 02:13:18
leanne.17,5,Gumagana na naman. Palitan ko feedback ko pag nasira agad.,2024-04-07 01:44:18
ritchel95,5,Sobrang ganda po and thank you seller sa pa freebie po na lagayan ng phone üòäüòò,2024-05-04 13:48:17
l*****h,5,3rd time to order. Tumagal din sa akin to basta ingatan lang.  Dito legit talga,2024-09-02 12:32:56
tayanhossen,4,"Performance:good
Best Feature:nice
Product Quality:good

Tanggap Kona Po thanks po",2024-08-20 05:13:22
imjanet05,5,"Ang tagal nya dumating,Jan.20 kopa inoder Feb.09 na dumating pero maayos naman yung sounds nya,parehas nagana,thankyou din sa freebies",2024-02-09 05:59:43
me.ash,4,Maganda naman yung quality ng tunog nya kaso lang macocompare mo talaga sya sa original earphones ng samsung malayo yung quality ng sound nila pero maganda din naman to,2024-04-03 06:55:32
angelicapilapil01,5,Thank you. Maganda yung item at okay naman siya gamitin pero mahahalata mo talaga na hindi original. Sobrang tagal na deliver parang nag tour pa around the world hahahaha,2024-10-12 09:23:46
pierceely,4,"Product Quality:Great
Performance:Good

Great sound quality",2024-06-26 00:46:21
ngervzbkw4,4,"Product Quality:good
Best Feature:cheap
Performance:fair

Good sya kung ayaw mo ng hassle ng paghihintay ng bluetooth connection",2024-07-28 09:34:01
p*****e,5,Nice one malakas ang base at clear yung sounds niya kaya lang ang tagal dineliver ng j and t kakainis buti nalang maganda headset natu,2024-04-28 13:59:35
euhannshop,4,"Product Quality:Good
Best Feature:Samsung design
Performance:Good",2024-09-23 10:21:45
rosemariea.pitogo,5,"Product Quality:Nice
Best Feature:Good
Performance:Excellent

This is my 2nd purchase in this shop. No doubt about the items coz it's all good. The problem was, the delivery this time was so delayed. Add some improvement next time. Thanks!",2024-08-22 07:26:14
p*****z,4,"Best Feature:Price
Performance:Good for the price
Product Quality:Good

Took 1 week but to arrive but it's understandable since it came from overseas. Thanks for the free phone stand! the quality is okay for the price. Working properly.",2024-03-24 02:25:55
jillaizzabriones,5,Product Quality:malakas maganda po siya,2024-10-29 13:48:57
valenteroskj,5,"Product Quality:perfect
Performance:perfect
Best Feature:perfect

Thank you.. kahit maliit yung product pero well pack para mas safe thank you seller.. until next time ..",2024-09-03 12:06:25
j*****o,5,"Works well, sana magtagal thank you seller and there's freebies too, the button on the earphone doesn't work tho but it's fine",2024-08-20 10:31:05
stevencyronc.mediana,5,"Thank you. Awesome delivery, I love it.",2024-08-11 20:44:18
lemueldelacruz064,3,Maganda naman sounds kaso need pa galaw galawin para gumana baka di lang compatible.,2024-05-10 08:41:45
lyon_blue,5,The sound quality is a great deal for its price.,2024-08-25 08:22:04
janelqt27,1,Grounded sya sa suksukan ng cp tsk mahina hyts sayang yung mga araw na inantay ko para mareceive yung order ko,2024-06-29 08:03:55
vladiecare18,5,"Best Feature:maganda po siya promise‚ò∫Ô∏èüñêÔ∏èmaganda yong sound
Product Quality:perfect
Performance:perfect

Maganda po siya dito napo ako bibili ulit promise‚ò∫Ô∏èüñêÔ∏è

Kaso lang yong J&T Rider dito sa amin imbis na COD yong naka lagay sa parcel ko pina pickup nila sa akin hayssst",2024-07-12 23:25:17
l*****o,5,"Performance:Good
Product Quality:8/10
Best Feature:Color

Working, maganda yung tunog. Medyo kulang lang sa stereo at more on high-end frequency siya at masyadong hindi lang maririnig yung mids at low end frequency.

Thank you.",2024-06-07 08:50:41
bethortiz8291962,1,Best Feature:this earphone that I ordered was delivered to a wrong person and was paid by them.,2024-05-15 05:37:04
k*****4,5,"Best Feature:10
Product Quality:10
Performance:10

Tagal lang dumating pero goods naman yun earphone.",2024-09-28 11:21:00
reanareyes666,1,Okay nmn sya matagal lng po dumating then mali yung color kainis po emee HAHAHHAHA sana po tumagal,2024-06-01 05:49:11
i*****3,4,"Performance:not sure
Best Feature:not sure
Product Quality:medium

Performance:not sure
Best Feature:not sure
Product Quality:medium",2024-04-22 17:23:01
faithasmad,3,"Performance:okay naman.
Product Quality:Di original",2024-08-18 03:09:37
animeromance,3,"Product Quality:ok nman
Performance:pero para sa galaxy A11 medyo maluwag sya at mahina o may problema lang tlaga phone ko kumpara sa ibang headset na ganyan",2024-02-20 07:35:40
zandraganda,1,"Tunog lata huhu.. compare sa dati nilang sasung earphones na quality. Ung ngayon, hayss nakakadisappoint.",2024-07-09 03:01:21
kleffordlabuga,5,"Best Feature:Bass
Product Quality:Durable
Performance:100% üî•üî•üî•",2024-11-04 00:49:04
shodowblack,5,"Best Feature:good
Product Quality:good
Performance:malakas

complete naman wala damage thank you seller and shopee legit ang shop na to jjjjjjjjjjjjjjjjjjjjjjj.",2024-08-20 09:48:18
ajastojakovic23,4,"Another sayang na purchased ayaw gumana ---
After ilang days ko trinay gumana na üëç",2024-07-15 06:28:49
sakurasab,5,"Performance:goods
Best Feature:goods

Performance:goods
Best Feature:goods",2024-09-27 08:12:55
a*****o,1,2 days ko palang ginamit nagkakaroon ng static na sound tuwing call,2024-07-16 07:32:29
628trxh_xr,5,"Product Quality:good
Best Feature:sound
Performance:good",2024-09-26 01:53:56
v*****8,5,"Product Quality:10/10
Performance:Good as the Original
Best Feature:Quality Sounds

hindi ko alam kung pang ilang order ko na neto haha as in babalik-balikan mo talaga ganda huhu",2024-06-28 14:50:33
m*****1,5,"Best Feature:mic is good as well as the earbids
Performance:it's working

It's working. I'll give 10 out of 10.",2024-06-22 03:50:49
s*****n,5,"Product Quality:Perfect
Best Feature:Perfect
Performance:Perfect

Maganda po ang headset üòç Gumagana po ang left & right. No damage at all. Will order again. Tysm seller & shopee ‚ô•Ô∏è",2024-06-12 03:21:14
f*****e,5,"Best Feature:nice
Performance:good
Product Quality:perfect

I must say, I'm thoroughly impressed. From their sleek design to their exceptional sound quality, these earphones have exceeded my expectations.",2024-06-04 07:14:28
adadadaiserie,5,"Product Quality:‚úì
Best Feature:‚úì
Performance:‚úì

I wanted to take a moment to express my gratitude for the safe and timely delivery of my recent order. The entire process, from placing the order to receiving the package, was seamless and efficient. The items arrived in perfect condition, and I truly appreciate the care taken to ensure everything was securely packaged. It's reassuring to know I can count on your service for reliable deliveries. Thank you for your excellent work and dedication to customer satisfaction. I look forward to ordering from you again in the future.‚ô•Ô∏èü´∂",2024-06-02 01:12:49
honcynemaeando,4,"Best Feature:good
Performance:good
Product Quality:good

satisfied!",2024-06-12 12:18:47
n*****5,5,"Performance:nice
Product Quality:gooood
Best Feature:everything

fjJczgjskgzlhheueh itheyshfngkv lyidjsthgkf irsyshf",2024-06-09 03:44:23
bertuz05,5,"Performance:10
Product Quality:10
Best Feature:10

All goods nice n fast del.transact
Good buy.
Nice sounds",2024-06-06 10:54:21
j8k4ynoh4q,4,"Best Feature:okay
Product Quality:okay
Performance:okay",2024-06-10 10:26:57
w*****e,5,Gumagana naman siya. Maayos din yung packaging and sobrang secure. Highly recommended if naghahanap kayo ng samsung earphones.,2024-05-29 05:27:08
assehc,5,So nakahanap na ako ng high quality headset na meron HD sounds. Compatible din sa laptop. Thank you din sa freebies ‚ù§Ô∏è‚ù§Ô∏è‚ù§Ô∏è,2024-05-17 13:09:54
enterobacteria,5,"Product Quality:Nice
Performance:anice
Best Feature:anice

anice",2024-05-13 22:10:18
ysabel320,5,"Product Quality:10/10 good sound quality
Best Feature:sounds & looks like the original
Performance:10/10

Arrived on time with a freebie (phone stand)",2024-05-17 10:40:51
krcadelina,5,"Performance:maganda
Best Feature:hindi basag
Product Quality:parang original

Bili na kayo guys sulit dito napakaganda ng quality looks like original may freebies pa bili na kayo",2024-05-04 11:13:22
i*****s,5,"Arrived safely in a bubble wrap. No issues. Bought for the 3rd time so, this shop is very trusted with earphones. I also received a cute freebie. Thank youuu!",2024-05-07 16:00:11
juliusreyrabino844,5,"Performance:good
Best Feature:good
Product Quality:perfect",2024-05-10 02:28:20
kenscarl22,5,"Performance:legit 99‚ÑÖ performace sa tunog sobrang clear mas lalo na kapag c jowa na ka VC moüòä

graveh legit 99% performance hindi ko akalain sa ganitongperformacwle niya at yung price napakamura lang sobrang. napakalakas ng tunog at sobrang haba pa ng wire niyaüòäat chaka kahit lakasan mo hindi masakit sa tengah  at chaka sobramg lakas  ng dating sa kanyamg mic. sobrang clear po ng bosses, thank u po seller ordrr po ako ulit susunod at thank u po din kai kuya riderüòä",2024-04-19 11:40:17
c*****4,5,"Best Feature:clear sound
Performance:good
Product Quality:good

The item arrived in good condition, it was bubble wrapped, ensuring that the item was well protected.  Thank you for the freebie. Will order again.",2024-04-14 09:45:09
jennydelgado232,5,"Performance:Excellent
Product Quality:Good

Thank you seller good quality po yung earphone malakas po yung sounds niya.. Tsaka maraming salamat po sa pa freebie na cute na phone stand",2024-04-26 12:43:14
8z2arx5hhs,5,"Performance:very good
Product Quality:very good

Ang ganda, maganda yung sound. Tas maypa freebie pa na phone holder. Salamat seller. More orders to come.",2024-04-26 09:47:18
w*****c,5,"Product Quality:Good
Best Feature:Cheap but Up to Standard
Performance:Good

Thanks seller it only took 4 days to be delivered considering that ito ay overseas and the product is good and close to the legit ones that i currently have and best of all the sound and mic is performing good for the price. Also thanks rin sa freebie ü§ù",2024-04-08 07:16:29
n*****8,4,"Best Feature:same as the original
Product Quality:good
Performance:good

super lapit lang niya sa original. the only difference is that it was made in china while my original earphone was made in vietnam. but its overall performance is as good as the original. I hope lang na magtagal siya sa akin",2024-04-09 03:30:15
lalalalina_f,5,"This was actually the best decision that I have made! If I were to recall, I have bought already about 2 earphones this year, excluding this one, because the sound quality of other brands didn't really exceed my standards. I have been looking for a Samsung Earphones and finally, I already have it in my ears, thanks to your shop. The sound quality is totally amazing, which I was expecting, and what I wasn't expecting was the freebie! Thank you so much XD. The phone stand is cute and is convenient to use. I would recommend this one to you guys. Godbless to all!",2024-03-25 20:49:05
labs_4ever,5,"Best Feature:best.
Performance:good
Product Quality:Hindi ko pa nagagamit pero alam ko matibay to dahil pangalwang order ko na to , umorder Ako Dito ulit dahil talagang matibay .

vedio not related to the item, Hindi na Ako nakakuha ng vedio sa headset ,, kaya ito nalang Muna, para makuha Ang coins .",2024-04-05 05:37:41
d*****a,4,"Performance:good
Product Quality:there's a noise when I open my radio headset and it's very annoying
Best Feature:the product/design",2024-04-14 08:28:03
empresskilacey1109,5,"Performance:sounds good
Best Feature:receiving mic is clear
Product Quality:good, durable-like

Thankyu shoppee and seller for this good headset i bought. recording od music is good, not noise catcher.hope this will last-long. 

thanks too to kuya rider. 
recommended store for headset , cellphone accessories.",2024-03-31 11:47:39
jhondelynwenceslao,5,"Product Quality:Samsung
Performance:good
Best Feature:good

Napaka good malakas din Yung volume tsaka di basag may pa freebies pa si seller thanks for it..Yun nga lang medyo natagalan sya dumating..",2024-04-07 03:48:57
kemiejeanjeon,1,Sira yung product pagdating. Di nila chineck ng maayos before shipping it.,2024-04-12 06:51:47
r*****n,5,"Performance:Maganda
Product Quality:Perfect
Best Feature:White

Maganda yung earphone and compatible talaga cya phone ko. Thank you,Seller. Thank you so much sa freebie. üòä",2024-04-01 08:37:45
v*****e,5,"Performance:nice nice
Best Feature:sounds
Product Quality:superb

Complete orders. Smooth transaction. Will order again once needed. Kudos to seller and courier.",2024-03-09 11:54:34
f*****e,5,"Performance:nice
Product Quality:good
Best Feature:perfect

Multiple times ordered in this shop maayos ang pagkakabalot at walang sira maganda ang materyal salamat po seller",2024-03-03 02:19:55
johnakatsuki,5,"Best Feature:one million good
Performance:two million good
Product Quality:three million good

Thank you seller sa rider and shoppe salamat po..-..more blessing to come your sale..-..John statics barber üíà bbrraahh..-..",2024-03-16 10:34:01
c*****a,5,"Performance:Good
Product Quality:Goood
Best Feature:Good

received with free phone stand .thank you poüòä good quality.",2024-03-16 10:07:51
neweladatnall,5,"Product Quality:10
Performance:10
Best Feature:10

Malakas at Ganda ng sounds niya. Di masakit sa tenga. Ok siya for music sa phone. Sana magtagal sakin ito.‚ù§Ô∏è Love it.",2024-03-11 04:12:11
jamellamohammad,4,"Product Quality:good
Performance:okey
Best Feature:8/10

okey naman siya, maayos naman ang product, sobrang bilis pa dumating sabi 2 days ago pa raw pero dumating na kaagad haha",2024-03-07 21:32:44
r*****1,5,"Performance:Clear sound good bass
Best Feature:available in color white or black with free phone stand
Product Quality:5 stars

This is my second order from this seller. Another successful purchase, the packaging was secured and safe. It was shipped the day after I ordered and arrived a week earlier than expected date. My parents are happy with these earphones they are cheap yet great quality.",2024-01-16 12:08:43
e*****1,5,"Performance:nice
Best Feature:very nice
Product Quality:excellent

Dumating naman siya agad. Sana lang gumagana lahat kasi hindi ko pa sya natatry. Thanks for the freebies.",2024-01-21 11:06:04
h*****0,5,"Performance:Good
Best Feature:Working
Product Quality:Good

Working as intended",2023-12-28 04:23:23
kamilah_00,5,Okay lang. Maganda naman ang sound niya.,2024-05-08 09:54:27
3cqqizdrv7,5,"Thank you, seller! Thanks sa freebie",2024-06-19 10:48:46
j*****l,5,Thank you seller at may free gift pah.,2024-04-27 08:49:28
w*****2,5,"thank you seller, my free pa.",2024-08-10 11:39:22
haniaacmiedalomodag201,5,,2024-02-15 15:35:15
mhemherivera,5,Thank you üòä,2024-07-11 00:29:08
r*****m,5,,2024-09-22 10:48:58
monicaflorendo743,5,,2024-09-20 14:22:34
0g9vgcts5y,5,,2024-08-14 01:42:27
valhallanet,5,Tnx.,2024-06-11 07:53:25
roseorain,5,,2024-05-24 09:27:51
roel.nardo,5,,2024-08-09 13:09:33
00ot18s0cz,5,,2024-08-13 02:23:30
a*****4,5,,2024-08-23 02:51:47
eoc299fr0l,5,"Best Feature:very good
Performance:very good",2024-08-31 11:34:56
ghashamrain,5,"Product Quality:very good
Performance:very good",2024-04-11 03:50:42
jhellard15,5,"Performance:good
Product Quality:good",2024-10-01 12:52:14
shainiazurite25,5,"Product Quality:10/10
Performance:10/10",2024-04-07 04:36:50
laralucaban64,5,Malakas and maganda 'yung sounds!!,2023-12-20 18:43:58
gyanvirgeld.oliveros,5,"Product Quality:VERY GOOD
Performance:Amazing",2024-08-13 06:17:42
arvin_daruca,5,Thank you sa freeby.. üòä,2024-05-04 00:50:21
bacelonianikko1710,5,,2024-10-11 03:22:08
iananilaoevangelista,5,,2024-02-05 03:26:47
precious810,5,,2023-12-16 21:38:18
bea_fey,5,"Product Quality:10/10
Best Feature:10000000",2023-12-18 06:32:25
graceallene,5,"Product Quality:10
Performance:10

Dabest",2024-02-02 15:09:31
eddie.telebrico,5,"Performance:10
Product Quality:10
Best Feature:10",2024-07-02 13:34:21
esterraymundo620,5,"Performance:10
Best Feature:10
Product Quality:10",2024-04-18 06:27:01
wilan214marylou,5,"Best Feature:10
Performance:10
Product Quality:10",2024-05-30 10:58:46
v.althiaabiera,5,"Best Feature:10
Performance:10
Product Quality:10",2024-05-13 02:40:10
2tjcdny1b3,5,"Performance:10
Best Feature:10
Product Quality:10",2024-03-25 04:29:12
t*****9,5,"Best Feature:10
Product Quality:10
Performance:10",2024-03-28 10:35:05
leanardjohn,5,Sulit! Lamig ng tunog at may freebie pa,2024-05-15 10:25:05
hbafbbl_un,5,very good quality product thank you seller üòçüòçüòç,2024-07-04 16:17:50
johnmarkgramo,5,Nice...good sa kanayang price...,2024-03-23 11:19:29
donnaavancena,5,Product Quality:excellent,2024-05-21 10:06:33
z6_4a5az9c,5,"Maganda ang tunog
I love it",2024-10-19 04:57:35
joannejoson,5,Maganda. Malakas ng sound‚ù§Ô∏è,2024-04-09 21:29:02
ninanistal,5,Product Quality:very nice,2024-02-13 01:09:42
p*****o,5,Product Quality:durable,2024-06-07 15:45:07
a*****o,5,Performance:great!,2024-09-24 10:54:41
elizabethescol,5,The quality is good,2024-08-06 10:46:25
anor225,5,Very good quality,2024-04-15 03:58:49
uv86da17,5,A+++ Seller,2024-01-21 12:21:04
d*****r,5,good quality with freebie,2024-08-28 05:06:06
marlysumaylo,5,Thanks seller nice item,2024-08-09 04:05:38
shielaantonio452,5,"Thank youüòÄüòÄüòÄ
Good itemüôÇ",2024-06-28 10:38:41
graceannerosegammad,5,The earphone is good.,2024-07-25 09:18:46
ericsondelacruz015,5,Good item,2024-08-26 01:45:08
rozylnatuelaposaga,5,Legit na headset %:ƒáy,2024-04-01 18:35:39
julianasucuano,5,Maganda..at thank you sa freebies,2024-09-03 07:33:23
j*****3,5,"working, and seems original",2024-01-09 14:52:59
reynaldoiligan488,5,Nice,2024-06-15 12:33:42
a*****t,5,they gave us freebies :)),2024-10-31 06:00:34
wanwanxdg,5,mura at maganda naman,2024-07-30 13:39:01
bricknerdomaguing,5,PerfectüíØ,2024-05-22 09:09:22
virgilgallo,5,Nice,2024-10-31 17:12:05
la.allador,5,ayos,2024-06-27 14:30:43
j*****y,5,Will order again.,2024-02-20 10:02:57
jonathansatark,5,"The BEST ,AS EXPECTED",2024-06-18 10:10:30
iam_jyce,5,Niceee ang lakas .,2024-04-07 12:57:31
arlogz,5,nice,2024-03-25 14:46:25
marchbrengyl,5,Nice,2024-03-17 09:15:27
rackiealtea444,5,Thank you,2024-03-07 08:03:27
marilynpolicarpio0406,5,Ok nman xa,2024-02-27 20:47:59
a*****4,5,thank you,2024-08-15 04:38:51
n*****3,5,Working,2024-07-12 07:52:49
m*****7,5,"thank you po,",2024-05-13 06:05:39
j*****h,5,Thank you!,2024-01-15 12:43:13
ritzkieannejoy21,4,Performance:malakas at maganda ang tunog,2024-09-26 13:28:44
mariter5,4,"Best Feature:10/10

thank you,",2024-01-29 07:07:58
l*****7,3,Performance:sakto lng,2024-09-20 02:34:28
nrrhudadagam,4,Best Feature:10,2024-04-08 12:01:37
8*****v,4,"idk, mic is not working on me. hehe",2024-10-05 14:37:44
d*****s,1,Walang zsilbi,2024-02-23 09:18:47
nthysyrnch,4,Very nice. I will surely buy again,2024-10-08 08:37:18
azazelestember635,4,Good,2024-10-23 02:31:16
jasonshiina,3,Jascp,2024-03-30 04:56:42
j*****2,5,"Material:good
Price vs Quality:Good quality

Excellent",2024-06-09 12:44:33
g2x4gx6c56,5,,2024-08-23 15:47:48
rajelancheta911,5,,2024-09-08 06:15:13
charomainecanatoy.09,5,Thank you sa freebie,2024-07-17 04:05:36
bradeetool,5,,2024-08-19 14:04:25
11599z1mkv,5,good!!,2024-07-15 06:39:24
a*****s,4,,2024-06-10 08:34:34
m*****e,5,,2024-05-22 09:59:56
simangersaquino,1,,2024-05-28 13:39:06
vintin06,5,D ko pa na try sa bf ko Kasi to,2024-04-03 11:25:36
b*****h,5,,2024-02-18 05:23:04
jaswillgraceann,5,,2024-01-12 13:39:29
aiszaacosido,5,,2024-07-31 10:16:31
yalinwilson1731,5,,2024-08-16 06:36:18
reynantemolina702,5,,2024-08-17 22:42:01
a*****v,5,,2024-08-29 09:08:34
pao31,5,,2024-08-27 08:03:50
arianecaraca,5,,2024-09-06 19:37:14
olivareslorenzo,5,,2024-08-03 05:35:53
rbregente1,5,,2024-09-14 08:16:00
rzmguiao_19,5,,2024-09-28 06:39:08
arianecaraca,5,,2024-10-05 08:31:45
aldrichdumanhog,5,,2024-10-02 15:25:52
bastampid,5,,2024-10-18 14:44:47
juliebaguinon123,5,,2024-09-13 06:04:54
mariejoyce.28,5,,2024-09-15 00:07:45
edcelrdc,5,,2024-10-17 00:19:28
jewel72,5,,2024-09-23 22:53:28
maricelrazonablevigilla,5,,2024-10-31 23:19:51
hanzmagas,5,,2024-10-22 13:16:10
r*****o,4,,2024-08-19 03:41:54
mx11ovm5br,5,,2024-10-15 13:38:44
m*****r,5,,2024-08-17 00:00:13
jacques.0612,5,,2024-08-13 05:17:25
xhansrival1995,5,,2024-10-17 20:40:47
faithellarina,5,,2024-08-20 05:17:45
b*****4,5,,2024-08-19 00:19:04
shairag020100,5,,2024-08-23 11:57:55
60v9zausqz,5,,2024-10-11 06:30:57
carabiancaamorantoyap,4,,2024-08-07 13:24:10
allanjordansenoro,5,,2024-10-21 02:40:21
grace_macasinag,5,,2024-09-04 23:50:51
ruby102571,5,,2024-08-03 02:59:57
p*****7,5,,2024-08-28 08:16:02
j*****2,5,,2024-08-28 10:59:08
herdelinegalera,5,,2024-07-31 05:41:13
p*****i,5,,2024-08-25 05:37:11
cabreracristine711,5,,2024-08-12 08:04:13
gqsojuby23,5,,2024-10-05 08:03:28
iniows,5,,2024-09-21 07:29:51
a*****9,4,,2024-08-02 14:09:43
natalie_meyy,5,,2024-08-08 13:17:03
alexanderbamba098,5,,2024-08-21 08:29:51
kcodinib,5,,2024-09-04 04:37:17
okayimcool,5,,2024-09-18 07:08:55
owdonjhong,5,,2024-08-16 13:30:44
chaddy.g,5,,2024-09-24 02:57:57
c*****5,5,,2024-09-26 07:52:20
braydenliu03,5,,2024-10-07 11:55:41
b*****8,5,,2024-10-25 08:44:10
zerocool0723,5,,2024-08-01 09:06:01
g*****6,5,,2024-10-17 14:18:55
yacinthsantiago,5,,2024-10-15 15:48:46
joana012295,5,,2024-09-07 00:50:49
josephh1212,5,,2024-09-22 05:10:00
helenjoyortizdolosa,5,,2024-09-19 01:29:35
gracejemoya,5,,2024-10-07 13:53:57
ramirezrousnovalyn,5,,2024-08-14 04:36:11
ramirezrousnovalyn,5,,2024-08-21 23:34:27
gidle.gys,5,,2024-09-02 13:01:12
rubybalili08,5,,2024-08-14 03:57:07
j*****x,5,,2024-09-05 01:10:12
anameludina,5,,2024-10-20 10:52:55
joeanne13,5,,2024-10-01 03:34:33
nithanith,5,,2024-09-22 02:12:12
e*****a,5,,2024-08-14 09:36:34
elizabethpasco,5,,2024-08-06 08:32:30
genrevnotario,5,,2024-10-16 09:37:29
ramsteen,5,,2024-09-21 02:17:27
manchopolea123,5,,2024-09-25 16:00:27
mhybal,5,,2024-09-08 05:23:09
selwyneaga,5,,2024-11-02 00:48:03
itsdddymph,5,,2024-10-13 08:52:51
jilfils,5,,2024-10-29 11:55:12
johnpaulodelima,5,,2024-08-12 01:25:58
ailet_11,5,,2024-08-19 05:26:28
workzxel,5,,2024-09-09 14:22:01
yapian,5,,2024-09-21 12:27:36
malu0724,5,,2024-07-30 15:41:03
l*****s,4,,2024-09-29 06:20:43
v4n6wgy1v6,5,,2024-08-16 09:26:51
m*****o,5,,2024-08-13 13:14:34
m*****o,5,,2024-10-30 04:47:10
yapian,4,,2024-07-31 03:33:08
dhaniel.pascua,5,,2024-10-05 04:37:43
abellaaaa,5,,2024-09-19 06:24:01
pdrlgeubq4,5,,2024-09-25 23:17:20
j*****2,5,,2024-10-15 11:11:03
altisrodge,5,,2024-10-12 00:04:13
blessieangeldoblas,5,,2024-10-22 13:25:30
z3hk_xtfue,5,,2024-10-30 15:14:15
androse05,5,,2024-08-07 05:38:41
mariejoycealabongabriel,5,,2024-09-16 08:21:20
a*****s,5,,2024-07-31 02:46:11
gac0120,5,,2024-08-23 04:44:13
k*****i,5,,2024-08-24 23:19:31
d*****e,5,,2024-09-02 11:24:25
arcecorrine,5,,2024-08-04 12:08:17
rhei020304,5,,2024-10-26 00:29:05
k*****y,5,,2024-08-29 09:30:12
2owafvph3t,5,,2024-10-25 10:02:47
mejinonavz,5,,2024-08-28 06:19:15
ralphmichael30,5,,2024-09-08 03:36:21
markv0905,5,,2024-09-15 10:47:23
j*****a,5,,2024-08-06 15:36:15
dexart,5,,2024-09-14 01:24:06
5l40laaa69,5,,2024-09-23 00:59:12
m*****s,5,,2024-10-10 14:41:03
riomaycuenca,5,,2024-10-11 13:57:08
jacebar24,5,,2024-10-28 14:45:15
angel_blue2886,4,,2024-08-09 22:04:16
bhongskie52566,5,,2024-09-24 23:04:09
z*****o,5,,2024-09-23 02:27:57
maritesbarcelonajuarez,5,,2024-09-14 01:26:50
cleofatraesquillo,5,,2024-10-14 16:26:10
i*****x,5,,2024-10-23 02:30:06
marielarao,5,,2024-10-09 03:27:51
netskiesaycocastillano,5,,2024-08-09 05:28:21
ralphy2423,5,,2024-09-15 05:26:17
robinritual,5,,2024-09-29 10:52:50
jf2s_943su,5,,2024-10-16 00:34:51
stabilizer_72,5,,2024-10-17 03:07:34
legardaavemie,3,,2024-09-27 10:41:02
r*****e,5,,2024-09-19 23:24:33
eloisa_lea07,5,,2024-10-20 06:34:33
ronahmaboloc,5,,2024-09-01 04:15:23
kimiibun,5,,2024-09-20 23:01:26
shanderellaaaa,5,,2024-09-16 02:27:55
midnight1203,5,,2024-10-08 01:54:43
argelks,5,,2024-10-19 07:53:50
namiagriengo,5,,2024-10-07 22:49:29
r*****2,5,,2024-09-02 10:16:38
topeviray,5,,2024-09-08 09:03:17
rnml03,5,,2024-10-12 11:08:28
aldwinandreamores99,5,,2024-10-25 11:27:00
ronnel1980,4,,2024-08-04 02:05:19
eirrehcnna082798,5,,2024-08-16 05:33:48
alezal627,5,,2024-10-03 23:03:15
devloron,5,,2024-10-12 11:36:43
j*****o,5,,2024-09-09 11:32:19
andrianash19,5,,2024-09-15 07:21:04
djjasphercuicolato,5,,2024-09-01 10:32:14
kenmarcus143,5,,2024-09-07 06:00:24
jonelcatapangsadsad,5,,2024-09-20 10:10:14
ma._victoria_granado,5,,2024-10-05 05:18:21
jii2296,3,,2024-09-10 03:11:27
bhelstadtad,3,,2024-10-18 13:50:34
blessiearcilla,4,,2024-09-01 03:45:20
elmarcarpela03,4,,2024-09-12 02:11:08
w*****u,4,,2024-11-03 22:27:33
godblackreaper,5,,2024-08-11 03:19:09
valdumanuk,5,,2024-08-05 18:24:42
cristinerosos7,5,,2024-08-06 00:15:03
k*****a,5,,2024-08-31 04:40:56
arvinclark27,5,,2024-09-13 04:10:53
ajulep,5,,2024-09-16 01:41:56
christianearlcruz949,5,,2024-11-03 05:57:56
araujor444,5,,2024-11-01 14:11:32
glennmauricefabian,4,,2024-08-04 04:18:54
091dyb7q7v,5,,2024-09-29 04:56:47
j*****e,5,,2024-08-02 10:34:59
luzalday816,5,,2024-08-02 15:52:25
cionorenugal,5,,2024-08-01 23:48:31
bettabukwonderland,5,,2024-08-05 09:26:07
shanerozal,5,,2024-08-09 10:35:48
i*****d,5,,2024-08-12 07:27:34
m1ouhlir85,5,,2024-08-10 01:35:09
d9yvtc191n,5,,2024-08-10 12:02:59
rezalhyplacer,5,,2024-08-15 10:51:15
mxgnnciaz,5,,2024-08-15 09:57:06
ixqmewra9v,5,,2024-08-16 03:24:43
t*****n,5,,2024-08-16 05:10:57
czyperalta,5,,2024-08-16 05:39:44
marccomedia,5,,2024-08-16 04:44:45
fritziefaithrangas03,5,,2024-08-16 16:13:59
_*****r,5,,2024-08-17 06:11:32
wz65sbxh2k,5,,2024-08-08 23:59:27
trisalberto,5,,2024-08-07 15:17:16
jenzred,5,,2024-08-09 04:15:24
janicabajuyo,5,,2024-08-08 10:52:17
tv3duk0l5w,5,,2024-08-12 13:01:04
luzasilo,5,,2024-08-14 04:07:10
sherwinaibih994,5,,2024-08-14 04:30:48
p*****7,5,,2024-08-14 02:12:57
charlesgalbaroli,5,,2024-08-15 02:18:53
jaymarous,5,,2024-08-14 11:19:26
linlinrino,5,,2024-08-06 11:28:53
rockysalor,5,,2024-08-13 14:20:54
r*****a,5,,2024-08-13 19:30:11
avenjhoncarlo,5,,2024-08-18 06:52:14
e5bzclcrhb,5,,2024-08-16 13:18:01
d*****m,5,,2024-08-18 07:07:07
ira.arienda,5,,2024-08-19 13:11:00
jan_nicer18,5,,2024-08-19 05:47:30
h3nal39g6x,5,,2024-08-20 04:45:58
markfrancisco30,5,,2024-08-18 14:59:10
lpl_kmhvwa,5,,2024-08-18 11:52:43
hasminealib24,5,,2024-08-23 13:02:40
chinbelhesa01,5,,2024-08-23 10:02:30
yugaexit,5,,2024-08-23 03:47:07
alytagle,5,,2024-08-24 09:20:46
j*****_,5,,2024-08-20 13:55:26
mariakarlagaye,5,,2024-08-20 01:40:50
arbiejeanmillana,5,,2024-08-22 04:30:33
mawiejoyyy_,5,,2024-08-26 15:55:48
lujillecaezo,5,,2024-08-26 15:21:18
ferlysilvestre,5,,2024-08-28 04:41:27
0g1lfswcfo,5,,2024-08-28 09:31:04
jessamarieravina565,5,,2024-08-27 01:04:49
_qkqd9e7up,5,,2024-08-29 09:27:56
karylrobles,5,,2024-08-27 09:35:06
ariesnavalon,5,,2024-08-28 10:20:39
jemieldeluna,5,,2024-08-30 03:17:44
princessminervab.pangcog,5,,2024-08-30 09:56:27
y*****5,5,,2024-08-31 08:08:39
r*****n,5,,2024-09-01 00:02:57
amadocaiga,5,,2024-09-04 01:29:00
sallyl.deguzman,5,,2024-09-04 06:45:00
mistikol.00,5,,2024-09-04 23:44:09
hikaru_ren,5,,2024-09-05 13:01:24
reynanalimagno,5,,2024-09-03 22:12:01
nepthalideguzman20_,5,,2024-09-04 01:01:59
stephensierra004,5,,2024-09-02 16:17:32
xdcyh0_gy2,5,,2024-08-30 10:53:49
sir_kym,5,,2024-08-01 05:27:22
pauljosephbriones,5,,2024-08-03 04:21:29
h0pyd6v695,5,,2024-08-04 11:58:43
yqlrdols34,5,,2024-07-30 23:43:02
johrabara,5,,2024-08-03 07:09:06
dnm.02,5,,2024-09-24 23:29:58
rhenthonzyzy,5,,2024-09-20 03:32:18
reymarbahia583,5,,2024-09-21 00:32:27
mariannepascua105,5,,2024-09-12 03:45:18
aldonjfjsjakasjfjgodoa,5,,2024-09-08 22:08:21
f*****3,5,,2024-09-09 03:39:11
nidaabadicio,5,,2024-09-09 09:11:05
s*****e,5,,2024-09-19 08:55:05
m*****o,5,,2024-09-07 15:15:21
r_t85qbm8z,5,,2024-09-10 06:21:46
j*****o,5,,2024-09-10 11:13:19
lhenlhenhumaoas,5,,2024-09-10 11:14:22
markfrancisco30,5,,2024-09-12 14:30:45
rosecarreon163,5,,2024-09-14 04:15:20
nays_niceyy,5,,2024-09-14 06:12:52
q7jarnb8fl,5,,2024-09-16 09:43:08
deilthon_molina,5,,2024-09-17 07:30:08
k*****n,5,,2024-09-17 05:38:45
d*****i,5,,2024-09-15 03:34:06
03ec8j5unl,5,,2024-09-15 16:55:39
chelseamaearcibal282,5,,2024-09-16 03:45:22
reyjayrapatan,5,,2024-09-18 13:50:23
m*****o,5,,2024-09-20 05:01:11
briansanchez,5,,2024-09-21 10:39:55
cyxxjhnndln,5,,2024-09-21 10:03:26
d*****y,5,,2024-09-22 07:52:30
ryl_shai,5,,2024-09-21 08:26:15
benjaminjanuhan,5,,2024-09-23 04:51:11
marklloydbangkilbao,5,,2024-09-25 21:54:11
mariri.ria,5,,2024-09-26 01:14:03
lorenceliangco,5,,2024-09-26 02:40:27
vd3vfcudgi,5,,2024-09-27 03:16:48
beatenshii,5,,2024-09-27 20:58:54
hazeljayme930,5,,2024-09-25 04:26:27
d81orcsxps,5,,2024-09-26 02:54:25
jepoilatagan,5,,2024-09-26 04:01:25
markfrancisco30,5,,2024-09-28 15:22:00
johnlloydlanotan,5,,2024-09-29 04:57:46
_ffwmqhgr9,5,,2024-09-29 08:06:18
deezney_27,5,,2024-09-29 13:17:48
bernadethlabian,5,,2024-09-28 05:29:32
ameramalawani,5,,2024-09-29 11:00:03
surileighvenicerodriguez,5,,2024-09-30 00:25:47
junietalaogon524,5,,2024-10-04 01:52:46
beighlim,5,,2024-10-04 07:34:22
a*****n,5,,2024-10-05 02:28:21
andrewcharlaban,5,,2024-10-02 06:40:38
fwfki6anti,5,,2024-10-03 15:56:06
m_7q_nvkxw,5,,2024-10-01 04:09:18
neilbert15,5,,2024-10-06 03:20:30
ijiboi,5,,2024-10-09 08:57:36
3blil9fvv1,5,,2024-10-11 23:31:58
jesselacrazo,5,,2024-10-12 00:47:39
kimdiaz763,5,,2024-10-11 17:03:30
kishootxflores,5,,2024-10-06 23:59:36
chenchenperalta,5,,2024-10-09 02:41:38
kenbryannagandang,5,,2024-10-10 05:11:40
june22000,5,,2024-10-07 02:57:36
maryjanepadios935,5,,2024-10-12 23:42:56
paulotaperla16,5,,2024-10-13 09:52:47
cathrine538,5,,2024-10-13 08:05:03
skyla2.8,5,,2024-10-13 22:44:53
alyssabiancagaledo,5,,2024-10-16 12:22:42
juniorlatumbo702,5,,2024-10-15 06:24:02
c*****2,5,,2024-10-14 13:52:20
divinegrace385,5,,2024-10-14 10:33:40
sherylanne465,5,,2024-10-14 22:33:20
shenellpuertollano,5,,2024-10-18 12:59:27
johnprieto167,5,,2024-10-18 11:25:27
minmin0611,5,,2024-10-17 10:07:32
pringkaii13,5,,2024-10-18 07:50:22
yen19304,5,,2024-10-17 08:16:17
jenabella19,5,,2024-10-21 06:56:34
reynanalimagno,5,,2024-10-20 08:38:02
michaelaringo677,5,,2024-10-21 11:34:56
abegailamada885,5,,2024-10-21 03:05:22
m*****4,5,,2024-10-28 22:46:00
rhozhel017,5,,2024-10-22 06:47:47
erickfilzongonzaga,5,,2024-10-23 06:29:47
elmergcastuera,5,,2024-10-23 09:05:59
n*****o,5,,2024-10-28 07:01:21
maricar473,5,,2024-10-27 12:47:45
ianlauron036,5,,2024-10-27 05:17:39
hd47u0bxve,5,,2024-10-25 03:38:27
yvonnie_charis,5,,2024-10-25 03:08:03
annieroselina,5,,2024-10-25 15:05:06
eec3v60fi_,5,,2024-10-29 16:53:30
albert09jayson,5,,2024-10-31 06:36:31
adigonzales488,5,,2024-10-31 02:14:40
warren_mendoza_08_05_2000,5,,2024-10-31 14:00:00
naenia,5,,2024-10-31 12:30:48
v0aq91vvmk,5,,2024-11-02 11:55:27
k93figewxd,5,,2024-11-01 11:02:13
marcileneawwali,5,,2024-11-02 22:27:43
kathleenballinan,5,,2024-11-02 21:42:18
babearandilla26,4,,2024-09-15 07:31:51
angeliabadies,3,,2024-09-06 06:14:39
jake_l08,4,,2024-08-02 13:51:24
jozelmicahmapula,4,,2024-08-08 06:39:33
manilyninson,4,,2024-08-08 13:36:46
ikan_eud,4,,2024-08-05 11:30:40
roselynmendigoria,4,,2024-08-20 03:58:14
e*****0,4,,2024-08-24 08:53:53
1bepx9mccl,4,,2024-08-25 14:29:47
johnnorry09,4,,2024-08-26 04:06:53
jhapitherz,4,,2024-09-07 01:47:19
jeffersonbryl,4,,2024-08-04 07:00:48
jhonmarkbigtas,4,,2024-09-09 04:30:20
81c_f_6lja,4,,2024-09-08 03:55:39
rshnkrgr,4,,2024-09-10 06:26:43
veltguillem,4,,2024-09-17 04:49:18
hotshots119,4,,2024-09-15 05:58:19
osnz6iz50x,4,,2024-09-15 06:25:18
romarfelicilda,4,,2024-09-17 00:12:21
mikaelaopiananatan,4,,2024-09-16 11:38:19
s*****a,4,,2024-09-27 04:45:34
royzorilla,4,,2024-09-26 07:13:18
sheshableee,4,,2024-10-05 10:14:43
jammarpowers546,4,,2024-10-13 10:34:08
vndjik,4,,2024-10-17 01:13:14
s*****e,4,,2024-11-01 14:55:36
shainevelchez,3,,2024-08-07 05:27:19
kathdui,3,,2024-08-06 13:40:02
regilutrago,3,,2024-08-27 06:14:43
charryballesteros157,3,,2024-09-03 00:58:52
robensoncabigquez,3,,2024-09-17 12:54:22
harrykimquiroga,3,,2024-09-25 09:36:47
m*****z,3,,2024-10-08 22:58:45
angelgripo075,3,,2024-10-10 21:52:04
merisaapuado715,3,,2024-10-22 22:07:09
r*****2,3,,2024-10-28 01:12:54
brighterideas064,2,,2024-08-05 01:44:18
hallim1997,2,,2024-08-14 07:11:07
mikekellysuelo,2,,2024-08-22 10:32:14
jeandipz,2,,2024-09-05 00:08:35
maryjoyhallasgo258,2,,2024-09-16 04:17:58
dab_smash,1,,2024-08-05 10:15:28
moninaakmad701,1,,2024-08-22 07:42:32
jeffreycrazan,1,,2024-09-28 02:50:08
angelynev,1,,2024-10-15 02:37:52
ridelyntierro,1,,2024-10-11 10:10:37
l*****6,4,,2024-08-21 04:46:46
8tge11h8yz,5,,2024-08-21 01:58:39
ferwinasali700,5,,2024-08-21 01:44:05
melbapacali,5,,2024-08-20 23:36:48
j*****1,5,,2024-08-21 03:38:43
ahnia798,5,,2024-08-21 04:12:49
yhmmy04,4,,2024-07-29 06:19:47
f*****l,5,,2024-07-30 11:18:25
oumjy4c8l6,5,,2024-07-30 04:08:29
6q6e7xvvp_,5,,2024-07-30 04:25:46
aldonjfjsjakasjfjgodoa,5,,2024-07-29 02:20:51
shanerozal,5,,2024-07-29 06:42:38
gen_marcelo,5,,2024-07-26 09:10:18
81c_f_6lja,4,,2024-07-29 09:25:24
ramilync,5,,2024-07-26 11:30:19
alenreina,5,,2024-07-27 21:26:38
darianne,5,,2024-07-26 16:22:39
rblyn1998,5,,2024-07-27 09:16:51
gweth342,5,,2024-07-27 05:42:23
andreakatelynbosi,5,,2024-07-27 14:42:51
kirsteinteume_,5,,2024-07-27 15:54:37
g*****s,4,,2024-07-27 05:42:17
andreiacaso,5,,2024-07-26 14:48:20
j*****t,5,,2024-07-26 13:57:33
s*****n,5,,2024-07-26 13:17:13
marcjaredgalima,5,,2024-07-23 14:46:37
murphy2127,3,,2024-07-25 19:10:16
m*****8,5,,2024-07-20 23:47:45
coyjuiuf70,5,,2024-07-25 04:37:06
n*****l,5,,2024-07-25 13:48:51
jelaypilongo19,5,,2024-07-25 09:32:26
a*****s,5,,2024-07-24 12:12:40
iambretex,5,,2024-07-24 04:18:49
chriztah,5,,2024-07-24 12:25:57
paiimartinez7,5,,2024-07-22 21:56:33
stephensierra004,5,,2024-07-24 13:40:38
tonyespinas,5,,2024-07-23 23:31:23
dannysqueen187,5,,2024-07-23 04:01:34
elijah_teodosio,5,,2024-07-23 02:09:40
yanieeeeeeee,5,,2024-07-22 02:01:28
yojmilapel,5,,2024-07-23 12:59:54
dejosjhe,5,,2024-07-22 13:40:32
mylinef,4,,2024-07-22 23:00:34
rosalieapitan,5,,2024-07-22 01:04:51
zrc9k6r8mx,5,,2024-07-22 10:22:57
meowgiii_26,5,,2024-07-21 06:27:27
tessdacumos484,5,,2024-07-21 09:53:30
jennymonticalvo,5,,2024-07-15 21:53:48
venicealyssa,5,,2024-07-20 10:04:02
jepoilatagan,5,,2024-07-20 11:11:33
kristelhimarangan278,5,,2024-07-20 05:07:03
alyvllz,5,,2024-07-20 02:44:29
marymharizet,5,,2024-07-20 13:01:29
k*****5,5,,2024-07-19 14:43:34
alemracsairav,5,,2024-07-18 09:29:27
almojeeb,5,,2024-07-18 01:35:10
jan2xgyu,4,,2024-07-17 09:11:42
aldonjfjsjakasjfjgodoa,5,,2024-07-18 13:42:04
lztmzn,5,,2024-07-16 17:08:00
primatagaro093,5,,2024-07-17 20:39:47
emilyrobloc,5,,2024-07-17 08:26:24
hezelairesyusay,5,,2024-07-17 12:53:00
parrochajoan,5,,2024-07-15 12:50:34
jokerjoker12,5,,2024-07-16 15:40:10
j*****o,5,,2024-07-16 03:05:27
myratrazares482,5,,2024-07-16 11:26:39
raiinnn1996,5,,2024-07-16 13:29:42
randylaureta379,5,,2024-07-16 05:32:10
edsalinog,5,,2024-07-12 14:03:02
novaguerrero,5,,2024-07-11 15:52:57
anniepabonitalina,5,,2024-07-12 07:41:43
d*****m,5,,2024-07-15 00:57:26
keynot30,5,,2024-07-14 21:46:30
jandelynpinero13,5,,2024-07-12 13:04:53
christophermurillo763,5,,2024-07-14 00:49:13
azerjayconcepcion,3,,2024-07-14 17:20:28
j*****1,5,,2024-07-13 03:25:02
novalizaroadacer,5,,2024-07-09 13:06:33
jhillo211,5,,2024-07-11 07:16:30
elsalumayno,5,,2024-07-09 06:55:25
jewel72,5,,2024-07-06 21:28:24
geraldinebacarro34,5,,2024-07-11 09:16:15
tagockimberly,5,,2024-07-08 07:42:02
ruth.yadao,5,,2024-07-07 15:55:05
cloudsssss9,5,,2024-07-10 11:31:36
tootiemercado,5,,2024-07-10 07:58:31
nqfl_7z2be,5,,2024-07-09 04:30:08
ateglyn27,5,,2024-07-06 11:01:13
rioaceres,5,,2024-07-09 04:52:07
a*****_,4,,2024-07-08 12:19:45
rejoyceeve,5,,2024-07-08 02:42:07
gracebalabat682,5,,2024-07-08 02:37:13
chrismiths,5,,2024-07-08 02:10:55
johngeni,5,,2024-07-08 04:43:07
mads2219,4,,2024-07-08 06:31:58
jaimaika,5,,2024-07-04 03:19:02
shaine024,5,,2024-07-06 16:35:25
khanrainefel,5,,2024-07-02 13:14:50
nhelflores487,5,,2024-07-07 15:24:02
r*****a,5,,2024-07-02 11:50:10
shanennvergara18,5,,2024-07-04 15:39:39
judesuperpogi,5,,2024-07-06 13:54:57
k*****5,5,,2024-07-05 22:30:50
jumz7,5,,2024-07-06 09:16:37
angelicaochea,3,,2024-07-03 14:50:54
carlajane530,5,,2024-07-06 05:17:57
bhongskie52566,5,,2024-07-05 09:26:57
nathalie1419,3,,2024-07-06 06:13:53
onestopmotor,5,,2024-07-02 05:15:52
hxnna_,5,,2024-07-05 10:16:03
j*****c,5,,2024-07-05 06:17:21
kimcenastaboniag,5,,2024-07-03 12:19:15
nicadelosreyes796,5,,2024-07-04 14:00:11
angelapngnbn,5,,2024-07-03 01:58:36
jeffsumang,5,,2024-07-03 00:55:38
98cmt1d8an,5,,2024-07-03 10:05:22
bryle0024,5,,2024-07-02 10:19:52
mariaricaberos,5,,2024-07-02 06:06:45
heesbrry,5,,2024-07-02 09:57:01
e*****o,5,,2024-07-02 11:25:21
estermarzan743,4,,2024-07-02 14:59:51
j*****9,5,,2024-06-28 08:01:10
arvie082600,5,,2024-07-01 00:53:47
kingpingz,4,,2024-06-30 08:24:33
330e2xw6zu,5,,2024-07-01 09:52:55
jhonexmalimegas,5,,2024-07-01 04:33:57
analiepalencia913,5,,2024-07-01 06:57:25
arnelmata518,5,,2024-07-01 00:19:16
carelneponcio,4,,2024-07-01 11:53:26
shaine024,5,,2024-06-28 23:01:17
lynlopezz,5,,2024-06-25 13:21:42
cheyen29,5,,2024-06-29 09:38:35
dhenzelgageconge545,5,,2024-06-30 11:51:19
daniellamariemacasaet,5,,2024-06-30 00:56:48
zrc9k6r8mx,5,,2024-06-30 04:44:30
a*****6,3,,2024-06-27 14:35:41
e*****0,5,,2024-06-28 02:16:23
nudusman,5,,2024-06-24 03:09:04
nickayingjr,5,,2024-06-29 05:25:23
ferlysilvestre,5,,2024-06-28 22:48:53
johnprieto167,5,,2024-06-29 05:15:38
r*****s,5,,2024-06-29 08:56:32
carolariesclimacosa,5,,2024-06-28 01:24:23
juliedizon.24,5,,2024-06-25 13:21:15
shxi_lynx,5,,2024-06-28 01:09:48
nenenmaasin,5,,2024-06-27 22:54:32
nancymagbutong,5,,2024-06-28 03:26:34
gandakoshet024,2,,2024-06-28 01:47:14
j*****c,5,,2024-06-27 10:23:21
zaphari,5,,2024-06-27 12:48:12
karennipaz,5,,2024-06-24 01:02:59
krishnna13,5,,2024-06-25 09:30:53
b*****8,5,,2024-06-23 05:50:58
anniepabonitalina,5,,2024-06-22 01:56:48
queenamariededicatoriatimbreza,5,,2024-06-25 12:03:37
karlrusselcampo,5,,2024-06-25 08:22:41
a*****n,5,,2024-06-25 15:39:13
neilestrellado,4,,2024-06-25 04:22:03
abbun06,5,,2024-06-24 12:36:47
harveyshevaker,5,,2024-06-18 11:48:02
kristinegarciatolentino,5,,2024-06-21 04:12:22
014alice,5,,2024-06-22 08:32:55
ou1v44pe8c,4,,2024-06-23 03:04:06
a*****8,5,,2024-06-22 15:43:15
labs_4ever,5,,2024-06-22 03:21:22
kevssantos416,5,,2024-06-21 20:12:50
justinerabulan,5,,2024-06-21 05:17:59
k*****2,5,,2024-06-18 04:54:38
mgs_21,5,,2024-06-20 08:20:32
m*****e,5,,2024-06-20 04:05:05
mengkin10,5,,2024-06-13 11:49:20
y*****3,5,,2024-06-17 23:33:15
ryanjaycarilla,4,,2024-06-19 11:19:14
bastampid,5,,2024-06-12 11:43:36
g*****n,5,,2024-06-17 04:12:22
bonbryancano,5,,2024-06-18 00:35:00
elmercaballero823,5,,2024-06-18 08:58:18
garedgenita,5,,2024-06-18 12:09:38
trishaasuncion625,5,,2024-06-18 00:40:00
iandanocaag,5,,2024-06-18 00:02:08
wv0ughd3wr,5,,2024-06-16 13:05:22
yadsilva27,5,,2024-06-13 13:22:34
d*****a,5,,2024-06-12 09:56:49
florymaeaporado123,5,,2024-06-14 22:45:09
lesche302628,5,,2024-06-13 05:09:00
maylaaragdin,3,,2024-06-12 14:53:44
gemmaricablanca557,5,,2024-06-16 04:18:13
r*****n,5,,2024-06-13 10:53:37
suzwah,5,,2024-06-11 04:26:21
sallysasotperitossimo,5,,2024-06-10 07:11:11
njpapillero,5,,2024-06-15 07:22:20
breys14,5,,2024-06-12 02:16:00
k*****s,5,,2024-06-07 05:30:55
aprillynbaxa,3,,2024-06-14 09:29:23
kazhyy,5,,2024-06-10 05:24:57
l*****5,3,,2024-06-09 08:51:22
m*****a,5,,2024-06-13 09:29:05
drjiamarie15,5,,2024-06-06 14:37:54
l*****s,3,,2024-06-12 06:30:35
danielbuyuccancodamonjr.,5,,2024-06-09 19:09:38
kristinamartereyes,5,,2024-06-12 04:35:35
aljohnvillanueva752,5,,2024-06-12 05:31:11
tatskietanawon,5,,2024-06-05 01:23:17
aliceagcaoili279,5,,2024-06-11 02:04:42
8sprd8diqd,1,,2024-06-12 08:01:00
c*****8,5,,2024-06-10 18:13:42
jebaaron0127,5,,2024-06-10 09:07:57
b*****z,5,,2024-06-10 09:29:39
wfm67ie164,5,,2024-06-10 05:09:05
dariusmanzano,5,,2024-06-09 05:44:01
geremie.madrona,5,,2024-06-08 17:34:33
hlarizala6193,5,,2024-06-09 02:42:33
angelicaochea,3,,2024-06-04 09:17:22
raphzta,5,,2024-06-08 16:43:40
threehundredtwentysix,4,,2024-06-07 07:34:04
myrnabalagtas110,4,,2024-06-08 11:17:23
dinasamson75,5,,2024-06-04 16:03:22
j*****o,5,,2024-06-07 07:14:36
sabbie1992,5,,2024-06-07 05:49:35
m*****1,5,,2024-06-07 07:22:44
b*****y,5,,2024-06-07 07:59:40
n*****s,5,,2024-06-07 13:20:31
r*****e,5,,2024-06-05 17:22:58
imeldacomia,5,,2024-06-06 03:00:56
naizmendoza,5,,2024-06-05 06:32:27
xq57d54v_n,5,,2024-06-06 06:00:12
angelico5,5,,2024-06-06 02:29:15
c*****o,5,,2024-06-04 12:44:40
8tge11h8yz,5,,2024-06-05 16:25:06
melayramboyong,5,,2024-06-02 17:16:19
kharen_120595,4,,2024-06-05 05:05:19
lancelester123,5,,2024-06-03 15:50:26
j*****y,5,,2024-06-01 03:01:08
manelienjumamoy,5,,2024-06-03 15:34:20
ronalyn83829,5,,2024-06-04 03:18:04
precilencalubag344,5,,2024-06-04 12:44:14
fulgencioarciete,5,,2024-06-04 14:14:05
justinearmanberceles,5,,2024-06-04 08:08:00
louanns_collection,5,,2024-05-30 01:49:10
d*****a,5,,2024-06-02 11:09:53
kryllllll,5,,2024-06-03 00:56:45
c*****y,5,,2024-06-03 14:38:51
ericalorraine111,5,,2024-06-02 15:52:22
jayrcasurao14,1,,2024-06-02 06:11:38
mayjancare,5,,2024-05-30 12:33:14
cheyen29,5,,2024-06-01 06:39:00
michaelriola,5,,2024-06-02 10:26:29
michaelriola,5,,2024-06-02 10:26:37
alexandrieespenueva,5,,2024-06-02 05:12:13
shaneibib229,1,,2024-06-03 06:14:08
cj_lavah,4,,2024-06-01 12:56:15
criseltejamo,5,,2024-05-25 08:58:20
okayimcool,5,,2024-05-28 15:16:08
m*****5,5,,2024-05-30 17:54:10
elvenjaybordios,5,,2024-05-31 09:24:05
melladeguzman,5,,2024-05-31 15:16:20
kateangelynbanalan,5,,2024-05-30 23:56:28
thunderginji,5,,2024-05-26 07:03:37
dithcabigting,5,,2024-05-29 13:45:03
s*****n,5,,2024-05-29 23:44:32
dochieniht,5,,2024-05-23 02:52:51
shopeejemaih,5,,2024-05-24 03:44:47
remielitadeus,5,,2024-05-29 14:23:19
christinetorillos584,5,,2024-05-29 03:13:25
h*****9,5,,2024-05-20 15:38:52
megamall2020,5,,2024-05-23 09:26:58
l*****m,5,,2024-05-28 04:50:52
chinita0702,5,,2024-05-28 04:36:21
davemesias,5,,2024-05-28 03:45:27
,4,,2024-05-28 06:11:50
lenlenlapidante209,4,,2024-05-28 00:08:08
itsmerealme001,5,,2024-05-27 04:07:55
reynanalimagno,5,,2024-05-27 11:35:46
jasonsantua,3,,2024-05-27 15:27:44
hajakhajanan,4,,2024-05-20 13:15:24
h0pyd6v695,5,,2024-05-26 08:49:53
cherryypinks,5,,2024-05-26 03:35:17
paiimartinez7,5,,2024-05-23 07:09:00
jdjeandeloso,5,,2024-05-25 09:50:39
m*****y,5,,2024-05-23 03:11:14
chery014,5,,2024-05-24 21:51:47
r*****s,5,,2024-05-15 00:14:30
e*****7,5,,2024-05-24 15:06:11
analynpescdor,5,,2024-05-23 21:26:30
lesche302628,5,,2024-05-19 08:53:34
ericbismar37,4,,2024-05-23 19:03:08
jedlayuge,5,,2024-05-23 07:20:33
e*****y,5,,2024-05-23 14:25:30
rainierraz268,2,,2024-05-24 05:02:39
ming091196,5,,2024-05-20 13:32:31
abestephanie,5,,2024-05-13 09:53:27
w*****w,5,,2024-05-20 14:35:52
eugenecordova,5,,2024-05-22 16:59:11
d*****9,5,,2024-05-15 00:10:29
marielsolitario14,5,,2024-05-18 13:36:34
jaylo136,5,,2024-05-21 19:21:02
jessamarieravina565,5,,2024-05-21 02:38:06
yuglxdy4sp,5,,2024-05-20 04:54:22
dezbethgl,5,,2024-05-18 08:44:26
jeanardeno,4,,2024-05-21 10:10:16
kamiru_824,3,,2024-05-21 02:54:53
r*****0,5,,2024-05-20 08:27:38
j*****2,5,,2024-05-10 06:30:00
rwenaj1984,5,,2024-05-14 04:55:38
gllyzamaeboyonas,5,,2024-05-19 01:54:51
j*****o,5,,2024-05-19 11:09:46
jennabeybe05,4,,2024-05-15 03:37:23
christinetorillos584,3,,2024-05-19 04:36:56
wakams,3,,2024-05-19 18:53:00
j*****a,5,,2024-05-18 09:39:24
markfrancisco30,5,,2024-05-18 10:57:41
heesbrry,5,,2024-05-18 03:10:34
cheezelle_9795,4,,2024-05-16 07:52:27
dellielimosneromalana,5,,2024-05-16 05:32:10
cabreracristine711,5,,2024-05-11 07:42:10
r*****5,5,,2024-05-17 05:09:23
m*****s,5,,2024-05-07 06:27:25
jericcayapat,5,,2024-05-17 05:25:47
peachiebustillo,5,,2024-05-17 10:44:58
kheykhen29,5,,2024-05-17 10:36:18
agranum20,5,,2024-05-15 12:16:02
jeffersonnao,3,,2024-05-16 23:02:52
ryanemersonramos,1,,2024-05-17 03:39:04
adriansodoy,5,,2024-05-15 02:15:28
zerocool0723,5,,2024-05-10 10:38:08
estong_12,5,,2024-05-13 06:28:20
06maryjane,5,,2024-05-12 08:37:20
juamscdr,5,,2024-05-09 04:57:44
y*****e,4,,2024-05-15 02:58:50
willdalwampo,4,,2024-05-15 08:56:45
jesnueva,3,,2024-05-15 11:59:38
joooooooo.e,5,,2024-05-14 02:08:11
c*****s,5,,2024-05-14 08:06:55
princesseea,5,,2024-05-12 10:05:12
omnia0808,3,,2024-05-10 20:05:55
k*****i,5,,2024-05-10 21:51:20
consenj125,5,,2024-05-10 21:52:17
fredpabatao,5,,2024-05-13 01:52:47
jocildido,5,,2024-05-10 07:28:31
kiqkiwe4w8,5,,2024-05-12 01:01:30
charlesdavidhisanan,5,,2024-05-12 10:27:15
b*****8,5,,2024-05-06 04:08:02
ancledrew,5,,2024-05-07 21:54:15
xe8sc4nuop,5,,2024-05-11 07:33:00
f*****i,5,,2024-05-11 08:44:46
ajalvz903,5,,2024-05-11 08:09:55
orlandasheng,5,,2024-05-09 00:46:35
g*****i,5,,2024-04-29 10:26:38
mark211996,5,,2024-05-10 10:20:49
vyt48gzq4f,5,,2024-05-10 11:25:45
teresa_bantang,5,,2024-05-10 00:28:09
k*****9,3,,2024-05-06 09:15:22
marcileneawwali,3,,2024-05-09 10:46:46
rhaymarttapanan,5,,2024-05-08 07:26:05
rejenjuarez,5,,2024-05-08 01:54:16
aleihs_14,5,,2024-04-26 07:34:40
shalang,5,,2024-05-06 04:35:48
aizamaeroque904,5,,2024-05-07 08:21:31
delacruzbabydaivie,5,,2024-04-26 08:16:56
zaicamo,5,,2024-05-03 01:43:49
rj.miano,5,,2024-05-03 22:56:30
j*****r,5,,2024-05-06 01:46:39
carolrabo,5,,2024-05-06 10:21:13
nylreganrodac,5,,2024-05-05 21:32:19
alphapagaduan,5,,2024-05-05 05:08:37
ianchristian931,5,,2024-05-05 09:30:06
shane_kirsteen,4,,2024-04-24 10:39:25
kimmanipol,5,,2024-04-30 04:52:18
inggrata,5,,2024-04-22 06:36:02
myragacis307,3,,2024-05-05 01:59:07
jualo99,5,,2024-05-04 05:36:57
ericsusej,5,,2024-04-29 03:47:35
banong_15,5,,2024-04-29 13:52:48
orotzkieee,5,,2024-05-02 13:44:45
baekyhenhayagan,5,,2024-04-30 15:38:20
zcv2rd5z1y,5,,2024-05-03 01:45:50
1roneagle,5,,2024-04-29 21:29:13
daffey,4,,2024-05-03 04:50:14
jhonalyndulba,5,,2024-04-21 09:43:24
markfabella748,5,,2024-05-02 12:38:09
yoei7avfuq,5,,2024-05-02 08:57:11
baberocelartajo,5,,2024-05-02 01:00:05
eshingcolimbo,5,,2024-05-01 13:57:38
negekyle,5,,2024-04-30 08:25:08
kamiru_824,4,,2024-05-02 00:11:50
_mahusay,5,,2024-05-01 02:03:54
bbakakak,5,,2024-04-26 05:39:22
raissan14,5,,2024-04-29 14:15:52
leselledeguzman,5,,2024-04-30 02:20:19
albryanandujar,5,,2024-04-29 10:28:51
edenmayfancubila555,5,,2024-04-20 12:06:05
annekyuuuti,5,,2024-04-28 16:08:14
mariin0,5,,2024-04-28 08:39:10
marlonchristianparedes,5,,2024-04-28 07:15:21
1*****d,5,,2024-04-28 09:45:43
shiya1,5,,2024-04-16 06:28:27
j*****q,5,,2024-04-19 15:48:41
anabellesipin173,5,,2024-04-27 13:31:40
j*****7,5,,2024-04-20 07:44:16
albieguevarra,3,,2024-04-22 20:10:05
mjmm999,5,,2024-04-16 07:35:15
l*****g,5,,2024-04-27 10:54:57
robertescobedo922,5,,2024-04-27 13:39:47
joetamebarrion,5,,2024-04-27 06:31:33
zycrexia_27,5,,2024-04-27 09:16:48
abegailbagalaycasabuena,5,,2024-04-24 00:01:32
odessa.garcia,5,,2024-04-26 06:35:04
zkinzigtos,5,,2024-04-13 02:19:36
madethgonzalesgarcia,5,,2024-04-21 04:25:08
buunsooo,3,,2024-04-25 10:41:26
kristelpajatin,5,,2024-04-25 02:40:09
negekyle,5,,2024-04-23 14:28:45
s*****2,4,,2024-04-25 18:51:22
ru9zzo2_sy,4,,2024-04-25 03:08:29
natashagulla,5,,2024-04-10 08:33:39
1roneagle,5,,2024-04-21 06:55:46
vrtiuqeg2c,5,,2024-04-20 12:29:42
a*****h,5,,2024-04-23 13:54:06
francineyzabelleching,5,,2024-04-23 08:32:18
shaneobera,5,,2024-04-20 12:37:10
donnarosenoyasam,4,,2024-04-18 01:41:18
ehnandazucena,5,,2024-04-20 13:59:59
ierrach,5,,2024-04-22 15:09:58
esmaeltumagantangebrahim,5,,2024-04-22 08:02:28
vanness_diamante,5,,2024-04-22 02:46:01
candidabalaga,5,,2024-04-22 11:02:34
jovparagas,5,,2024-04-11 07:53:36
lawlite44,4,,2024-04-21 23:49:40
nicolepaling,5,,2024-04-21 09:49:59
nicolepaling,5,,2024-04-21 09:50:12
ghamz0021,5,,2024-04-21 11:46:05
k7zz3tqvkg,5,,2024-04-21 07:13:37
l6usdy_31z,5,,2024-04-21 15:07:35
ivartheboneless073,5,,2024-04-21 01:40:52
r*****e,4,,2024-04-21 10:37:10
diapondom,5,,2024-04-13 21:58:58
patrickdeperalta661,5,,2024-04-20 07:01:07
k93figewxd,5,,2024-04-20 03:22:22
kateelainegargoles,5,,2024-04-20 05:56:19
richiejunmoralesiii,5,,2024-04-20 09:42:01
jepoilatagan,5,,2024-04-20 07:00:06
royzorilla,5,,2024-04-20 09:25:45
reydennirza,1,,2024-04-22 09:29:57
a*****g,5,,2024-04-04 03:58:53
a*****g,5,,2024-04-19 13:31:17
braebulletsalgado,5,,2024-04-19 10:27:07
noelambrosio904,5,,2024-04-19 06:52:53
ihmy9rqszl,5,,2024-04-18 21:57:02
moshi4321,5,,2024-04-14 07:03:03
06maryjane,5,,2024-04-14 17:28:35
j*****o,3,,2024-04-18 08:57:58
anglllnd,4,,2024-04-19 02:11:28
burikidi,5,,2024-04-10 02:42:44
e*****n,5,,2024-04-02 19:44:16
k*****t,5,,2024-04-18 03:47:12
aqyi885pa_,5,,2024-04-18 12:42:18
maryprc,5,,2024-04-15 04:47:12
emlabahian,2,,2024-04-19 07:08:57
jawee1221,5,,2024-04-09 23:53:30
roselbungay,5,,2024-04-17 05:38:00
akociirhiel,5,,2024-04-17 07:40:00
hannamichie23,5,,2024-04-17 02:04:26
mirapacoy,5,,2024-04-17 12:36:20
ot34ch130c,5,,2024-04-16 01:27:33
joneldumdum16,5,,2024-04-16 05:49:23
3ztdg5ling,5,,2024-04-16 09:38:20
oflyjf9dlx,5,,2024-04-16 20:25:49
r*****a,5,,2024-04-16 07:18:17
russpuyat,4,,2024-04-16 01:11:58
d*****2,5,,2024-04-10 04:33:37
mikko_o29,5,,2024-04-07 03:33:37
imjanet05,5,,2024-04-14 23:49:39
i*****3,5,,2024-04-15 08:48:48
m*****a,5,,2024-04-14 23:38:03
71xp4_jrk3,5,,2024-04-15 19:02:36
jenlosabia,4,,2024-04-02 15:40:50
anonymos,5,,2024-04-14 13:17:10
chuck430,4,,2024-04-12 13:12:27
jhoharies,5,,2024-03-28 10:25:26
e*****a,5,,2024-04-08 00:58:54
r*****8,5,,2024-04-11 16:14:43
pdrlgeubq4,5,,2024-04-09 05:44:04
heesbrry,5,,2024-04-13 06:33:35
michellmitch,3,,2024-03-28 00:39:48
kimcenastaboniag,5,,2024-04-07 07:27:57
r*****z,5,,2024-04-05 00:55:21
014alice,5,,2024-04-08 10:59:18
tanqueridoarthez,5,,2024-04-12 07:20:06
hobertoreyes,5,,2024-04-12 16:28:22
alexanderbamba098,5,,2024-03-27 22:11:18
merlybrobles,5,,2024-04-02 06:24:05
n*****3,4,,2024-04-11 09:40:14
cmmark1994,5,,2024-04-11 00:15:35
anthonyjimenez892,5,,2024-04-11 12:01:34
nayeemlacro,4,,2024-04-09 03:59:55
maryclairelayon,4,,2024-04-10 22:00:38
angelinegragas,5,,2024-03-29 21:38:04
suppreme515,5,,2024-04-10 04:04:33
romaramilo,5,,2024-04-10 05:58:37
judesuperpogi,5,,2024-04-07 03:53:16
delicana1996,5,,2024-04-02 05:08:44
yhmmy04,5,,2024-04-01 20:24:11
ginecridible,4,,2024-04-10 00:41:46
,4,,2024-04-10 11:56:51
airajulianasucnaan,5,,2024-04-09 06:01:39
menalegaspi018,5,,2024-04-09 07:23:51
cedric_keith,4,,2024-04-05 09:26:13
beverly1234566788,5,,2024-04-06 05:50:50
khrams1023,5,,2024-03-22 22:20:25
d*****i,5,,2024-04-08 05:35:03
zeahesolana,5,,2024-03-31 13:01:30
mariegonzales470,5,,2024-04-07 08:33:37
maverick039,5,,2024-04-07 06:45:31
ladymeenah,5,,2024-04-07 02:38:37
b*****9,5,,2024-04-02 06:56:11
dhelaylabasit_09,4,,2024-04-07 09:57:23
emmanperreras,5,,2024-04-06 04:21:43
karenina0488,5,,2024-04-06 02:41:05
kafettacoffeeshop,5,,2024-03-16 04:09:29
gidle.gys,5,,2024-03-28 00:10:53
roserose660,5,,2024-04-05 12:43:10
anabelmendoza840,5,,2024-04-05 01:11:40
yangfloresgrondiano,4,,2024-04-03 13:47:46
briannamaegonzales143,5,,2024-04-04 06:29:46
julius2786,5,,2024-04-04 14:01:04
jayiflores1842,5,,2024-04-03 08:11:24
n*****d,5,,2024-03-12 05:32:24
juliusbuiza,5,,2024-03-19 13:06:51
angelgallebo,5,,2024-03-12 09:27:11
m*****e,5,,2024-04-02 00:12:56
lalainegiron358,5,,2024-04-02 05:18:42
,5,,2024-04-02 12:08:05
briansanchez,5,,2024-04-02 01:17:17
sheenap_25,1,,2024-04-03 11:05:56
l*****9,5,,2024-03-22 11:15:10
j*****5,5,,2024-03-29 14:05:00
maricelrazonablevigilla,5,,2024-03-10 00:51:46
xe8sc4nuop,5,,2024-03-30 23:52:05
d*****y,5,,2024-03-31 07:53:25
8xamrg1lwe,4,,2024-03-31 07:35:29
ryanjohnielsolomonbodiola,5,,2024-03-27 02:30:11
v*****2,4,,2024-03-17 17:46:24
jvorbon,5,,2024-03-06 12:59:28
angelinegragas,5,,2024-03-15 09:44:55
edmar82,5,,2024-03-23 22:55:13
katrina_agag04,5,,2024-03-18 23:32:54
0qwerty159,5,,2024-03-28 02:16:10
x*****y,5,,2024-03-04 05:03:31
rockyroldan1234,5,,2024-03-27 10:03:07
bl0614,5,,2024-03-27 05:28:23
erlindavaldez758,5,,2024-03-27 07:18:35
inkability,5,,2024-03-19 11:40:33
j*****a,5,,2024-03-23 19:38:14
m*****l,5,,2024-03-20 11:39:59
denise_7777777,5,,2024-03-25 22:49:27
joanah1044,5,,2024-03-26 09:50:45
fafam_24,5,,2024-03-26 03:45:18
paulotaperla16,5,,2024-03-26 09:18:12
kazhyy,5,,2024-03-14 14:23:16
m*****s,5,,2024-03-21 16:21:55
ferdauziamakding,4,,2024-03-26 05:14:47
danieannjapitana,5,,2024-03-25 06:00:39
_*****e,5,,2024-03-25 09:26:40
yagahon,5,,2024-03-15 02:54:20
maryclairelayon,4,,2024-03-25 11:22:17
jeyl12,4,,2024-03-25 05:36:18
inigomanabat,5,,2024-03-23 14:28:02
k*****o,5,,2024-03-14 14:15:12
workzxel,5,,2024-03-15 13:21:19
leahcruzvergara,4,,2024-02-25 06:27:56
harveyshevaker,5,,2024-02-23 04:50:24
anniealde,5,,2024-03-17 14:08:18
isaiahbandibas,5,,2024-03-04 08:02:47
6q6e7xvvp_,5,,2024-03-21 06:00:42
e*****y,5,,2024-03-20 21:22:05
dhazen26,5,,2024-02-21 06:14:14
sheyy526,5,,2024-03-08 02:35:24
celisa0415,5,,2024-03-19 01:36:03
khent24_06,5,,2024-03-19 03:23:38
juvyclairecaguladalape,4,,2024-03-20 22:04:50
jane_ochavo060,5,,2024-03-18 14:46:59
xtiankc1987,4,,2024-02-20 03:22:17
j3wz4_h2mw,4,,2024-03-20 02:20:21
mayanniver,5,,2024-03-19 11:48:21
archivesdimensionph,5,,2024-02-26 12:45:51
yvettehazle,5,,2024-03-10 23:52:27
saiyen,4,,2024-03-19 07:03:36
bryllekim510,5,,2024-03-18 16:44:07
dding123333,5,,2024-03-17 04:04:25
jesrylesperanza,5,,2024-03-17 10:59:42
yapian,5,,2024-03-08 06:55:04
jcnayacam,5,,2024-03-16 17:45:58
jessicaloreto634,5,,2024-03-16 01:22:52
b1l80xu08z,5,,2024-03-16 01:44:45
nicola_1320,5,,2024-02-15 09:00:01
htennekzeuqirne,5,,2024-03-10 12:15:37
prediepilaspilas,5,,2024-03-13 22:34:30
hayasiyonasni,5,,2024-03-15 10:12:22
rubybryan_rodriguez,5,,2024-03-06 01:20:28
mylove09079632290,5,,2024-03-06 13:50:00
mcharlemagne,5,,2024-02-25 09:02:19
m*****a,5,,2024-03-03 09:37:25
michellelopezpalacio,5,,2024-02-09 02:43:39
rebeccamaeguillermomahip,5,,2024-03-14 10:17:33
irenecatayas,5,,2024-03-14 14:06:49
joeltesio,4,,2024-03-15 08:58:29
perico14,5,,2024-03-11 23:03:36
jhef19,5,,2024-03-04 07:18:28
dianeamores,5,,2024-03-13 13:23:36
jesto_milgie,5,,2024-03-13 12:35:09
fwfki6anti,5,,2024-03-13 09:36:18
mayobentesinko,5,,2024-03-13 09:40:58
jiraramirez,5,,2024-03-13 13:03:12
cherry_gal,5,,2024-02-22 02:55:20
rainfeljocapinig,5,,2024-03-05 11:42:17
olzzzzzen,5,,2024-03-12 01:57:28
a*****a,5,,2024-03-12 11:48:18
sarahjeanrey730,5,,2024-03-12 02:04:53
k*****_,5,,2024-02-04 12:41:44
seannborjaa,5,,2024-03-05 14:43:06
7sy5rfei8e,5,,2024-02-03 12:52:52
mariejoyce.28,5,,2024-02-04 04:58:45
rodahgalang,5,,2024-03-07 07:37:57
rienabethzacarias,5,,2024-03-10 10:05:51
razelcatin22,4,,2024-03-11 09:54:31
cherryypinks,5,,2024-03-09 10:55:47
cristycerilloliolio,5,,2024-02-04 08:41:04
a*****s,5,,2024-03-01 01:24:14
mhmdpulssayadi,5,,2024-03-08 12:35:06
janickashane05,5,,2024-02-05 22:15:48
selwyneaga,5,,2024-02-23 00:56:15
endgamemcu,4,,2024-03-07 01:03:05
beqrhoup_er98y4exd82lmvyy0hm,5,,2024-02-26 06:24:51
marcxkie,5,,2024-03-05 08:39:21
aizadayan,5,,2024-02-05 05:52:30
kapwajunia23,5,,2024-02-24 01:57:10
t*****s,5,,2024-01-22 06:45:57
8tge11h8yz,5,,2024-03-04 02:25:20
sheilajacobazamudio,4,,2024-03-04 22:50:00
j*****0,5,,2024-02-25 00:58:08
rainiermanalaysay387,5,,2024-03-03 08:45:56
19_jc_68,5,,2024-03-02 23:13:19
mawiejoyyy_,5,,2024-03-03 02:04:12
swerleneyusonsabang,4,,2024-02-26 10:46:56
d*****m,5,,2024-01-14 07:51:59
jadestar12,4,,2024-02-25 22:25:23
christinevalenzuelabelloga,5,,2024-03-01 07:03:36
julinabelic,5,,2024-02-23 08:49:26
maefernandez839,5,,2024-03-02 02:13:13
c*****e,5,,2024-03-02 07:17:49
jazelrelabo,5,,2024-03-02 09:03:00
aerilynairaching,5,,2024-01-14 01:52:49
d*****5,5,,2024-03-01 04:06:30
l*****9,5,,2024-02-10 15:36:17
yelojhez31,5,,2024-02-13 09:19:57
shelahmecollamar,5,,2024-02-28 23:45:18
aldonjfjsjakasjfjgodoa,5,,2024-02-29 00:30:42
cessang.cortez,5,,2024-02-28 10:19:56
jeson726,5,,2024-02-27 23:32:16
kathysalvanera,5,,2024-01-16 08:00:25
kimiibun,5,,2024-02-23 10:20:20
riomaycuenca,5,,2024-02-20 02:48:02
helenakobayashi137,5,,2024-02-27 16:14:29
lolingdiestro,4,,2024-02-28 13:26:26
angelgallebo,5,,2023-12-30 08:45:33
kerrtorrecampo,5,,2024-02-11 19:20:58
shieldarufadollopac,5,,2024-02-20 06:39:43
braebulletsalgado,5,,2024-02-26 13:22:28
v*****p,5,,2024-01-21 22:58:33
jocelynvicenteaguilar,5,,2024-01-19 05:27:19
heizelagasbagaoisan,5,,2023-12-23 12:05:51
roginemae1998,5,,2024-01-10 08:18:58
s*****n,5,,2023-12-18 10:53:40
jane_ochavo060,5,,2024-02-21 08:02:17
beabiancara,5,,2023-12-29 06:02:03
marissaoperana,5,,2023-12-28 04:44:07
maritesspiodo,5,,2024-01-08 14:44:53
quen_hanker2020,4,,2024-02-21 02:57:24
s*****e,5,,2024-02-23 08:49:20
roginemae1998,5,,2024-01-03 06:54:17
karawieeee00,5,,2024-02-16 04:29:05
charmie1201,5,,2024-02-20 01:48:32
jhayarciaga143,5,,2024-02-20 01:40:00
_8f8sz0rcp,5,,2024-02-20 08:45:26
26j672k29j,5,,2024-02-20 08:15:02
28o15u_ya9,5,,2024-02-15 13:48:44
ramierosesotto,5,,2024-02-03 00:10:54
potatobruh472,5,,2024-02-17 08:48:29
klawi2020,5,,2024-01-20 09:35:21
reynanalimagno,5,,2024-02-16 03:35:21
natalie_meyy,5,,2024-01-09 12:11:59
kanokie_25,5,,2024-02-14 13:17:15
jhetrepangatungan,5,,2024-01-31 16:11:02
jilfils,5,,2024-01-27 11:37:40
rzzlrlpz,5,,2024-01-17 04:25:04
brucewaynestephendean777,5,,2024-01-24 11:09:06
leinessjimenez15,4,,2024-02-10 09:35:01
elanie0101,5,,2024-01-25 13:10:33
braydenliu03,5,,2024-01-01 18:45:00
maeannguemo,5,,2024-01-21 04:09:19
kimcenastaboniag,5,,2024-01-18 15:57:56
m*****s,5,,2024-01-28 02:32:19
judderase1998,5,,2024-01-26 16:13:49
e*****o,5,,2024-01-25 07:11:29
jamilapareja,5,,2024-01-28 06:31:09
yvonavanzadoolasiman,5,,2024-01-11 23:27:55
acf8379,5,,2024-01-20 02:00:09
b*****y,5,,2024-02-06 03:01:16
evelynvillegas099,5,,2024-02-06 05:50:21
heesbrry,5,,2024-02-06 02:40:13
mylenjuan,5,,2024-02-03 14:04:18
yvonavanzadoolasiman,5,,2024-01-04 09:32:43
manengs08,5,,2024-02-02 15:35:41
o*****v,5,,2024-02-02 12:27:28
diannerosecuizon,5,,2023-12-28 01:27:35
r*****e,5,,2024-01-13 14:34:13
e0hbhmz5tr,5,,2023-12-05 22:08:06
p*****v,4,,2024-01-01 01:53:59
jenecrisabellana,5,,2023-12-21 10:16:44
krnmcrns,5,,2024-01-15 21:18:53
raffy2422,3,,2024-02-02 12:14:05
edgardosenajon,3,,2024-01-22 10:44:24
yelojhez31,5,,2023-12-15 14:23:19
samanthaostaco,5,,2024-01-26 04:49:04
jjhaammrn,5,,2024-01-25 04:11:33
bernarderanista,5,,2024-01-24 12:05:44
anabelaks,5,,2024-01-24 07:45:18
a*****o,5,,2024-01-08 07:57:13
markanthonytaguba,5,,2024-01-12 15:13:04
ggn53ht81u,5,,2024-01-23 05:37:48
romarapalla,5,,2024-01-22 09:02:02
chen08dnbr,5,,2024-01-21 04:57:51
014alice,5,,2023-12-26 05:14:56
routhyyy,5,,2024-01-17 06:06:07
solomoncatherine,5,,2024-01-16 07:54:37
leselledeguzman,5,,2024-01-14 15:26:54
jandecmanalo,5,,2024-01-13 14:53:41
nicyle_123,3,,2024-01-06 14:44:00
81c_f_6lja,4,,2024-01-14 12:29:24
heesbrry,5,,2024-01-09 03:31:59
teresa_bantang,5,,2024-01-08 05:37:12
blandino357,5,,2024-01-06 01:31:53
j*****e,5,,2024-01-04 07:34:22
extropia,5,,2024-01-04 10:57:48
a*****1,4,,2023-12-12 13:59:29
janicejaicten.estorco,5,,2023-12-24 07:15:28
j0ttqqmwoq,4,,2024-01-05 14:35:27
verniz_esguerra,4,,2024-01-04 10:24:31
98cmt1d8an,5,,2023-12-29 16:25:32
shawnhardypamittan974,5,,2023-12-29 01:27:29
masukat23,5,,2023-12-29 03:24:22
lhynn_1416,5,,2023-12-28 12:04:37
catherineroqueobiacoro,5,,2023-12-27 04:05:07
wanaksm,5,,2023-12-23 09:02:53
javachips_730,5,,2023-12-15 13:06:53
r*****a,5,,2023-12-12 14:15:36
e*****0,5,,2023-12-11 21:05:46
heesbrry,5,,2023-12-12 01:09:52
lolipop1704,5,,2023-12-09 03:49:49
0rbyh9tftk,4,,2023-12-11 14:36:33
f*****p,3,,2024-01-04 08:28:02
