Username,Rating,Date and Time,Comment
l*****o,5,2022-11-05 13:28,"Appearance:Nice
Quality:Good
Suitability:For brighter car vision

First bumili dito sa store anh ganda po ang quality tlga malakas yung ilaw di po ako nagsisi na bumili dito"
kenjohn124,5,2023-07-16 12:59,"Suitability:great
Appearance:super nice
Quality:great

item shipped and delivered earlier than expected
well packed no damage, no torn or broken parts
neatly and securedly packed
complete item accessories and quantities
durable built with built in fan for cooling, super bright, hope to last
thank you seller"
4qp9mqdyhr,5,2023-08-14 13:07,"Quality:verygood  quality
Suitability:verygood
Appearance:verygood

goods  na goods siya di siya nakaka silaw sa kasalubong tapos yung sa foglight.kopo ay yung n39 10k lummens tapos sa lowbeam 20k lummens (sakto lang) tapos order ako next time para sa high beam hehehe tapos mabait pa kausap yung seller dabest ay yung pag ship ang bilis nung pag ka order ko ay after ilang oras ay naiship na salamat seller next order again hehehehe"
ranchiekevbiz,5,2023-07-25 18:59,"Quality:10 out of 10
Suitability:10 out of 10
Appearance:10 out of 10

Ordered Received in Good Condition and Packaging this is my first time Purchase this Item"
jecksbabe,5,2023-05-27 01:39,"Suitability:perfect
Appearance:Good
Quality:super bright

So far so good
Very bright LED headlights 
I hope it will last long
Thank you shopee and seller!
Will definitely order again soon!"
dennisbulantahan,5,2022-10-14 14:48,"Suitability:plug and play
Appearance:nice
Quality:matibay

sobrang liwanag at ganda matibay pa..salamat po seller at shopee"
k*****o,5,2023-06-01 00:53,"Appearance:good
Quality:good
Suitability:good

1. Maganda and napakaimpressive yung item.
2. Excellent quality.
3. Very accommodating and responsive Seller 
4. Well-packed and item shipped immediately.
5. Sana maglong last ang nabili kong item."
aubreydaviddumatol,5,2023-01-05 13:52,Ang ganda ng mga item nato sobra..ang astig ng led light hindi pucho pucho..tnx seller na satisfied talaga ako sa item..ang ganda pa nga packaging..
renzranny,5,2022-08-05 12:02,"Appearance:very nice headlights
Quality:sana magtagal, mukha nman matibay.
Suitability:fits sa toyota avanza 2015 j variant

H4 kasi sa unit ko. Ayun napaka linaw na as you see. Reasonable nman ang price.  Thanks seller."
anthonerc.monzon,5,2023-01-09 12:06,"Suitability:10/10
Appearance:10/10
Quality:10/10

thanks seller and shoppee the item is shipped earlier than expected the item is well packed and is safely received"
cxj146195,5,2024-01-13 13:17,"Suitability:10/10
Quality:10/10
Appearance:excellent

Subrang Ganda,, maganda pagka balot at naka box ,walang damage,, grabi Ang lakas ,subrang liwanag,,, ,, 101 percent, ,at mabait pa Yung courier,"
bossfelipejr,5,2023-01-23 01:05,"Appearance:ganda.
Quality:nice
Suitability:ok naman

Ito na po ang pinakamahal ko led.head light pra sa motor ko. Ok po sya. Kasing lakas ng 6led. Sana tumagal. Salamat po."
marczandroabelladeguzman,5,2022-11-25 10:31,"Appearance:goods
Quality:all goods

ang ganda boss salamat ng madami walang damage at sulit sa presyo mura na maganda pa sana tumagal sya sa sasakyan namin salamat sa seller!"
faw6drwnky,5,2022-11-21 00:20,"Quality:10
Suitability:10
Appearance:10

Perfect fit, mas malinaw compared sa stock syempre! Dq pa n try sa gabi which is un ang concern q. But definitely approved sakin un product! Hoping tumagal hihi.."
gwh_general_collections,5,2023-02-17 09:09,"Appearance:10/10
Quality:10/10
Suitability:10/10

Super bright high beam and low beam. Highly recommended. Must buy. Thank you Shopee Seller and delivery rider."
mielgurl,5,2022-09-30 13:04,"Maganda po yung item, nagustuhan po ng kuya ko ang bilis din po ng shipping. Thank you seller na mabilis mag ship out ng item!"
e1kmyo662i,5,2023-12-05 15:19,"Quality:very good quality
Suitability:bagay na bagay
Appearance:maganda sya at maliwanag

Ayus naman lahat walang damage gumagana sya ng maayus  at sana tumagal mabait din yung nag deliver"
buboyrr,5,2022-12-08 02:36,"Appearance:very nice quality.

Very good quality. Product is cheaper than in the market. Hopefully the product last long."
mortelmaculada,5,2023-02-03 01:58,"Appearance:good
Quality:good
Suitability:plug and play

The item is good already installed work's perfectly ok not yet tried on night driving hoping the product will last longer."
c*****1,5,2023-03-12 04:01,"Appearance:photos above
Quality:works good
Suitability:suits Chevy Spark

No damages on the items. Packed properly. Already installed it on our Chevy Spark 2012. Works well. LED light is clear. Will check at night since we installed it during daytime. Thanks seller."
carlosgatela,5,2024-01-17 16:32,"Suitability:100% compatible
Quality:10/10
Appearance:aesthetically 10/10

My 2006 old car got a new look. Very commendable item, kung marunong k Mag diy(destroy-it-yourself), makakatipid k Dito. Tiis no more. 11/10 s costumer service.,  di nagkulang s paalala, kulang nlang yakapin aq.  Kaya arat na! Order na!"
emjhayc.caag,5,2022-07-18 02:16,"Appearance:good
Quality:good
Suitability:good

Salamat po sa seller, malinaw nman po ung ilaw compare sa luma,,, sa uulitin po ult n pag order, sana eh tumagal ung ilaw,,,tnx üëçüëçüëçüëçüëçüëç"
bonglaid,5,2023-12-06 22:18,"Appearance:Looks durable, hope it will last long
Suitability:Confirmed suitable for Suzuki SX4 Crossover
Quality:Quality is great as per initial testing & usage

The product is very user friendly, its equipped with manual and sticker mounting guide which I really appreciate. Thank you seller for this very good product."
johnpaulibardelosa,5,2024-03-22 10:09,"Quality:Good
Suitability:Good
Appearance:Good

Solid!!!!!!! Napakalinaw. I will order again soon for the fog light naman.
Thanks so much to the seller and rider for fast delivery."
bryan_moore,5,2024-08-27 11:20,"Appearance:good
Suitability:good for Bajaj re
Quality:good

Super bait nang store na to. first order ko nagkamali ako tapos ne.return ko , Ang bilis nang refund I think 1 day lng ... this is my second purchased kasya sa Bajaj re ko ,malakas At klarong klaro ... maganda matibay, salamat seller and I will recommend this seller...5 stars"
g*****w,5,2022-07-01 03:36,"Perpektong box packaging, ang produkto ay mahusay na protektado, ito ay may mga tagubilin, ito ay madaling i-install, nasubok at ito ay mahusay na gumagana, ito ay isang kaaya-ayang sorpresa, irerekomenda ko ito sa aking mga kaibigan, at ako ay mag-order muli sa aking sarili, salamat sa iyo shopeeüëå"
jojomeremilla682,5,2023-01-11 11:13,"Appearance:Sleek design
Quality:Best
Suitability:Fit sa Tamaraw Fx

Napakaliwanag ng Ilaw, at matipid sa Battery kita sa digital voltmeter ng sasakyan ko napakaganda ng item na ito, ilan narin nasubukan ko pero okay na okay ito, ang lakas may nakaharang pang puno ng bayabas sa video pero kita ang liwanag lalo na siguro pag sa kalsada na. Sana lang tumagal. Thank you seller, highly recommended! TY din sa courier na kakilala at kaibigan na rin. Two thumbs up! Kaya bili na ka Shoppee!"
heton,5,2023-09-18 13:53,"Appearance:excellent
Suitability:fit perfectly
Quality:excellent

The box was sealed good package and looks good quality ,,hope it will last..
Delivery was ahead of time, thanks seller and delivery rider"
gracesantos21760,5,2022-05-18 08:54,"After comparing, the same product is cheaper than other stores, and the more you buy, the more discounts. I bought several pairs directly, and the quality is guaranteed. I think these are all very good."
decxeran,5,2024-01-29 08:59,"Quality:very good
Appearance:very good
Suitability:very good

thank you very much seller.. gumana po lahat napa ilaw ko na sa spresso ko sulit di ko mapicture yong pag ilaw kasi maulan dito sa davao del norte ngayon ininstall ko lang xa din pina ilaw din ayon ok na"
rod.maagad,5,2023-04-05 23:42,"Suitability:it works!
Quality:great value
Appearance:great purchase

Great job and great work by both the seller of this piece on this items as it was very interesting and very informative. This item purchased was an exceptional buy plus the quality and performance has made me a certified believer and a repeat purchaser. I first purchase mine for my motorcycle and installed it there. Excellent product."
m*****n,5,2023-01-28 13:31,"Appearance:legit
Quality:okay
Suitability:Worth the price

Received the items in well-packaged and good condition. Thank you so much for the fast and smooth transaction. Stay safe and healthy."
marin2005,5,2024-10-11 16:07,"Appearance:nice
Quality:looks durable
Suitability:suits my car

Thank you Seller and Shopee for a fast and hassle free transaction,...product was delivered immediately and all items received in good order and condition, well packed ..

til next transaction."
georgechuaph,5,2024-09-09 09:24,"Quality:looks ok
Suitability:yes it works!
Appearance:nice

Product came on time and properly packaged. Items were complete and correct and was able to install immediately and it works. I just hope it lasts a long time!"
chyyyyyyyyyy,5,2022-07-01 14:33,"Appearance:Well packed
Quality:Excellent
Suitability:Bright light

‚úîGreat buy at a discounted price. 
‚úîMy order is well packaged and delivered without any delay.
‚úîVery satisfied customer.  
Thank you."
ioniq09,5,2022-09-04 19:49,"Appearance:looks good
Quality:hop its durable
Suitability:good

Item is good, test it and it works fine
Sana tumagal sya para maging sulit yung bayad

Thank you"
polagrc,5,2023-11-07 13:06,"Appearance:what you see is what you get
Quality:good
Suitability:good

product arrived immediately after just a few days of ordering it. it was in good condition"
k*****n,5,2023-03-24 12:54,"Suitability:Good
Quality:Good
Appearance:Good

Thank you seller sa magandang item. Appreciated much. Hopefully gumagana siya. Very well packed hndi siya na tutupi. Well order again soon. God bless you ‚ò∫Ô∏è‚ò∫Ô∏èüòäüòä"
oliverneil,5,2023-01-15 10:54,"Quality:very durable
Appearance:good

The seller shipped immediately, I am very satisfied with the order, will order again soon"
prvoty45br,5,2022-03-28 09:30,"All items are intact. Thank you, seller! High quality and low price products, highly recommended! In addition, the logistics will soon arrive at my house, very good!"
s*****l,5,2023-12-06 10:22,"Appearance:10/10
Quality:10/10
Suitability:10/10

Thanks sa seller,napaka responsive at sa delivery rider.Hopefully matibay at magtagal iyong led light.Nagustuhan ko na nga at malakas.at least kampante na ako kapag nagbibiyahe ng malayuan at malakas na ang ilaw ng sasakyan namin kumpara sa stock light niya."
a*****n,5,2022-07-01 13:49,"Good quality .üíØüíØüíØMade in China.shine a strong light..Get a coupon to place an order. acceptable price.Fast delivery. A trustworthy store with very good service attitude and guaranteed after-sales service. If necessary, I will continue to come to your store. I wish everything is so beautifulüòòüòòüòò"
chaiiaglr,5,2022-04-11 22:32,Item is well packed! The condition is good. Fast delivery too. Pero di ko pa sya malalagay. I will edit my review if okay talaga sya once na install ko na.
nta9_ikmrc,5,2023-04-05 12:20,"Quality:matibay at maliwanag
Suitability:pweding pwede sa multicab ko
Appearance:complete accessories no damage

maliwanag na ngayun ang multicab ko pag gabi di na matatalo sa daan pagdating sa ilawan dahil super liwanag nya promise"
e*****e,5,2024-04-20 16:46,"Suitability:perfect
Quality:nice
Appearance:goods

Thank you seller and rider. Sana tumagal lang as you can see the video ok sya malakas ang liwanag Sabi din ng asawa ko maganda sa Gabi na byahe god bless po more sales to come"
e*****n,5,2022-09-24 01:36,"Appearance:Good
Quality:Sana Good
Suitability:good

MaBilis pong dumating ng item, gumagana rin ,tsaka sakto ang binigay, sakto ang H4 sa innova, sana tumagal tapos legit naman item.thanks"
letletalfonso,5,2022-11-08 06:44,"Appearance:just like the posted picture in the shop
Quality:I guess good quality for the price
Suitability:suitable for the car

Thank you shopee and sa seller received the item already hopefully no problem kasi dpa nakakabit affordable ang price fast shipping ‚ò∫Ô∏è"
leyne.07,5,2023-12-11 11:17,"Appearance:excellent
Quality:nice
Suitability:great

Working naman siya sa sasakyan namin both low and high beam. Not sure if magtatagal siya. Sana namn para sulit. Maliwanag siya kahit tinted."
egaysoft12345,5,2023-11-30 14:03,"Suitability:very good
Appearance:very good
Quality:very good

Product was shipped and received within 24 hours. Good job seller and shopee! Will recommend this shop to others."
rickysimon354,5,2024-01-05 07:53,"Gonna test it later tonight. Want to see the difference, appreciate the packaging and also the quality. 5-star for this shop. Fast delivery and they keep you updated.

Just got uploaded the results ( Low beam only ) and i satisfied just like what i'm expecting, Thank you!"
ternok,5,2024-10-30 15:44,"Appearance:good
Suitability:10/10
Quality:nice packiging

maganda ung item,malinaw compare sa stock,sana lng magtagal at ndi agad masira,ok kausap si seller salute po,mabilia pa dumating ung item,salamat po"
c*****5,5,2024-06-02 12:50,"Suitability:good
Appearance:good
Quality:good

Maganda sya and easy to install. D ko pa lang natry if maliwanag talaga. But hope tumagal. Thank you kay seller for being so accomodating/responsive sa mga questions."
pcmp9fdcd7,5,2022-03-28 11:03,"I highly recommend this store, they send out items quickly and always in bubble wrap.Excellent quality very accommodating seller item well packed and shipped immediately will order again and refer them to my friends and familyI‚Äôm satisfied. Thank you.üôèüôèüôèüôèüíïüíï"
rollytombado,5,2022-12-08 15:31,"Appearance:very good
Quality:very good
Suitability:very good

Maayos ang packaging at bilis dumating ang item.thank you shoppee at seller."
dyey_em,5,2022-10-13 13:15,"Quality:good
Suitability:good
Appearance:good

Fast delivery. Well packaging. Ok nmn Yung item, na test ko na mas malinaw sa stock bulb. Sana magtagal. Salamat seller at shopee"
c*****n,5,2024-10-18 09:39,"Suitability:good
Appearance:good
Quality:good

The package arrived in good condition. I bought 9005 which is for high beam, I just installed it to my car. And it‚Äôs working.  I hope the LED bulb will last long. I will order for Low Beam."
danrevilloza,5,2023-04-30 11:28,"Suitability:100%
Appearance:100%
Quality:100%

Ang ganda üòçüòçüòç
Sa Video, di ko pa mapagana yung kabila,
Kasi sira pala wiring ko,
Kaya yang left lang muna üòÅ

Salamat sa napakaGandang LED Light na to,
Satisfied customer here üí™üí™üí™"
b*****r,5,2023-12-14 11:12,"Suitability:excellent
Appearance:excellent
Quality:excellent

the product has an excellent quality.  i recieved exact color, size, in good condition and complete item.  will surely order again. thank you seller and deliver rider ."
icyjuiceapril,5,2023-03-14 22:26,"Appearance:ok
Quality:good
Suitability:working

My order was shipped immediately, and it came in without any damage. Tested and working great."
jm7thsign,5,2022-09-14 10:47,"Quality:good quality
Suitability:suits my Mirage G4
Appearance:looks really good

Great items! Thank you seller!"
_88888888_,5,2023-05-04 08:47,"Appearance:good
Suitability:nice
Quality:I hope it's good

I haven't installed it yet. But I am really hoping that this is a good quality. I hope this will last long. And if this is a good sh#t I will buy this again next time, and probably will recommend to others too."
charlhet0706,5,2024-02-10 04:36,"Suitability:10/10
Quality:10/10
Appearance:10/10

ALL GOODSüëèüëèüëè . GUMAGANA LAHAT LOWBEAM/HIGHBEAM.. maliwanag kahit tanghaling tapatüòÇ Thanks po Sa seller bilis pa mag response. Recommended this Shop kita niyo naman sa Picture at videosüëåüëå"
nzvk3_ckt0,5,2022-05-17 10:18,"Binili ko ito sa pinakamurang presyo, ang tunay na NOVSIGHT, ang mga resulta ng pagsubok ay lubos na nasisiyahan, ito ay isang matapat na nagbebenta, hilingin ko sa iyo ng mas mahusay at mas mahusay"
corleonemichael21,5,2023-05-26 13:25,"Suitability:10
Appearance:10
Quality:10

Item arrived in good condition. White ledlights really strong headlights. Thank you seller Novasight and Shopee. Time to hunt üßü‚Äç‚ôÇÔ∏è üßü‚Äç‚ôÇÔ∏è üßü‚Äç‚ôÇÔ∏è Zombies now. Arriba."
phie101112,5,2024-09-09 22:34,"Quality:Good
Suitability:Good
Appearance:Good

I have ordered both headlights and foglights with this shop. All items are packed properly and products working satisfactory. Thank you seller."
mjmarco1993,5,2023-05-01 12:25,"Quality:100%
Suitability:90%
Appearance:100%

Swak ang wiring sa MITSU-L300, hindi ko lang alam kung paano ang diskarte sa goma na cover.  Dahil hindi kasya dahil sa FAN ng led light, so I decided na icut or palakihin ang butas pra mailagay ng ayos yung cover. Hopefully magtagal ang lifespan at hindi masira dahil nabasa ng ulan. PLUG AND PLAY ang item, so magnda sya for newbies katulad ko."
c*****7,5,2023-07-29 02:23,"After 2 days nareceived na rin po ang order! Sobrang bilis ng shipment ni seller at delivery ng J & T kaya 5 startls kayo sakin! Kahit naulan at nabasa ang parcel, maayos naman at hindi naman pinasok sa loob ng box. Upon testing, maayos naman yung dalawang ilaw para sa Sniper 150. Good job  seller! Keep up the good service for ur customers!"
m*****o,5,2023-05-06 17:47,"Appearance:very good
Suitability:very good
Quality:very good

Para sa wigo yong high nya code 9005 sa low naman H11 at sa foglight H11 din

Ang ganda ng led na to ang lakas compared sa ibang brand ang lakas nya grabe silaw talaga kasalubong tatlo na agad binili ko para uniform yong kulang white highly recommended tong store nato"
meloysaira,5,2022-10-05 06:22,"Appearance:safe ang packaging walang galos
Quality:quality is good 100% orig
Suitability:very fit sa da64w

Thank you seller and thank you shopee  
Legit seller here mga suki lods kay ano pa hinihintay nyo order na"
keynfers,5,2023-12-28 02:20,"Suitability:Perfect
Appearance:Very Good

Mabilis ang shipping tsaka very accomodating ang shop. Iupdate ka kung nasan na Parcel. Hindi ko pa na ilagay pero so far so good naman."
allenarimao,5,2023-08-09 00:45,"Appearance:great
Quality:great
Suitability:great

well packed, sealed from factory, early delivered. thank you seller."
j*****y,5,2023-04-11 09:53,"Suitability:Good
Quality:Better
Appearance:Best

Ayos quality"
dexthomas,5,2024-01-12 00:08,"Appearance:goods'
Suitability:goods
Quality:goods

Thank you po sa seller laging Naka update sa Order ko 
At ang bilis dumating 
Safe po siyang dumating 
Original super lakas ng ilaw üòò"
phie101112,5,2024-09-08 10:22,"Quality:Good
Appearance:Good
Suitability:Good

Product received well and installed already. Very satisfied and happy. Item packed very good. Awaiting for my next order. Thank you very much."
jefrjefreylastima,5,2023-12-24 00:20,"Suitability:very good
Quality:very good
Appearance:very good

nice and good quality thanks seller sa uulitin. edit ko na lang ulit pag nakabit ko ng yung mga ilaw."
jopabz,4,2023-10-09 00:11,"Quality:it seems good
Appearance:nice
Suitability:very good

So far so good...ayos nmn sana lng tumagal...better for longdistance...pinapalinaw nya ang madilim mong mundo.promise di ka mag sisisi.gusto ko pa sana mag kwento ng mag kwento para lng makuha ko ung 0.4 coins kaya eto tiyagahin ko na pasensya na kayo hi fi talaga ako madaldal gusto ko lng ung coi s okey.hahaha"
jimsonseli,5,2023-01-04 03:41,"Appearance:excellent
Quality:durable
Suitability:exact fit for my car.

Arrived just on time, no problem encountered. Thank you very much."
minfredmahinay,5,2024-01-16 12:47,Thanks Seller maganda quality at napaka lakas nang ilaw legit store oorder ako ulit soon
gerick019,5,2022-10-21 08:40,"Quality:ok
Suitability:ok
Appearance:ok

Thankyou for this wonderful product im applying for replace and seller is send me and now my light is fine

Thankyou seller 100 starts for you"
m*****5,5,2023-08-02 06:49,Hndi ko pa nakabit kaya dko masasabi na ok yung itim.maayus nman ang paglakabalot at walang anuman sira o gasgas ang itim.sana lng po gumana at tumagal.salamt seller
w*****a,5,2022-09-23 07:18,"Tnx seller, maganda ang unit, madaling ikabit, diko lng alam ang durability kung magtatagal xa. Ride safe po sating lahat."
markclintgucela,4,2024-02-05 03:29,"Quality:goof
Appearance:good
Suitability:good

Diko pa na try e install ung led lights pero prang sakto nmn sya lalo na ung h4 nya na saksakan,,, inaantayko pa yung lens ng headlight sabay ko na ekabit toh led"
johnreynaldragsac605,5,2023-11-18 23:38,"Quality:good quality
Appearance:good quality
Suitability:good quality

Good quality working po siya salamat shoppe"
j*****2,5,2023-10-17 10:25,"Suitability:10/10
Quality:10/10
Appearance:10/10

Very good seller, you don't have to worry ordering here because there is a long long enough time warranty üòä. Quality is excellent. Maliwanag talaga ang NovSight. Tnx seller tnx rider tnx Shopee!!"
ryanremollo,5,2022-12-12 13:26,"Appearance:very good
Quality:very nice quality
Suitability:it will suit to my headlight

Thank you seller for delivering this item in good condition. not expected to deliver it faster.. kudos to you."
f*****4,5,2024-06-30 09:29,"Suitability:7
Quality:7
Appearance:7

Received but haven‚Äôt tested it yet. Will further reviee and re-edit this review once tested and WORKING for my Mazda 3 Gen 1. Thanks

Delivery only took less than 36 hours!"
e*****1,5,2024-07-12 10:56,Napakacoordinate ni seller. Thank u so much at nasolved ang problem namin for the items. At for sure oorder ulit kami next time. Recommended shop eto
johmtan1724,5,2023-01-22 07:39,"Appearance:nice
Quality:ayos
Suitability:sakto

Bilis delivery. Ok ang product maliwanag! Ayos sa olrayt!"
n*****a,5,2023-12-19 02:03,"Suitability:Not yet attach
Appearance:Good
Quality:To be seen

Seller
Hope it will work out good
For my unit i will order again as soon i try this product
This shop will be my shop to order soon to come
Thankyou"
are_been,5,2022-10-16 04:52,"Appearance:Great product
Quality:Excellent
Suitability:Yes

Great packaging and delivered on-time. Thank you very much."
francis.a,5,2023-12-28 06:03,"Quality:excellent
Suitability:excellent
Appearance:excellent

NovSight is on the right(white), and stock bulb is on the left (yellow).  In daylight it does not look that different. Both are of same intensity it seems. But let's see during the night? Thanks seller.  White light is very bright and the price is reasonable.  Salamat. Sa uulitin."
a*****h,5,2022-10-02 05:19,"Quality:5/5
Suitability:5/5
Appearance:5/5

I have received the items complete well packaged/secured and quality products. legit.

 recommended. !
thank you and God bless. will order again."
jhunreyes266,5,2024-01-17 01:22,"Quality:good
Suitability:good
Appearance:good

Good quality product. Thank you seller! üòé"
alvingalopedeguzman,5,2023-02-15 10:10,"Appearance:Very very Good item
Quality:10/10

All Good fog light/lowbeam/HighBeam toyota wigo"
jonathan816,5,2023-10-15 03:55,SUPER LEGIT SELLER LEGIT AFTER SALES COMMUNICATION TO BUYER RECOMMENDED.
arnoldorolfo,5,2023-05-30 06:20,"Appearance:10
Suitability:10

Sana tumagal at di masira yung fan sa tubig"
dansigua07,5,2022-09-03 02:55,"Appearance:guds
Quality:gudss
Suitability:gudsss

Very gud quality sana tumagal at ndi agad mapundi"
t*****i,5,2023-12-20 04:23,"Appearance:10/10
Quality:10/10
Suitability:10/10

Very nice. Legit original Novsight n39. Yet to install it tho but the product seems to be working. Thank you seller."
keifferkobe,5,2023-12-09 11:16,"Suitability:nice
Quality:nice
Appearance:ok

With cooling built in ok na ok.sana tumagal."
marvinurriza440,5,2023-12-10 12:36,"Suitability:good
Appearance:maganda
Quality:mukhang matibay

Maganda. Di ko pa na-install. Sana ok sya pag nailagay ko na."
anj_shop1321,5,2023-05-13 08:37,"Quality:As advertised
Suitability:As advertised
Appearance:As advertised

Thank you seller. Also Thank you for the quick shipping. For older Hiluxs‚Äô, like 2005-2010, you will have to cut a bigger hole for the rubber water proofing cap to cover the bulb casing. This is because of the built in fan for the LED H4 bulb. Easy fix! Thank you again."
v*****o,5,2024-07-28 13:52,"Suitability:not yet tested
Appearance:good
Quality:good

Ok naman diko pa nakabit salamat seller"
hiltonvic,5,2024-03-15 05:48,"Quality:Good
Suitability:Good
Appearance:Good

Fast shipping
Well packed
Item is in good condition 
Will have to install it so will update my review in the future 

Thank you seller for shipping it asap"
techiemon2,5,2022-09-11 12:31,"Appearance:good
Quality:good
Suitability:good

Affordable and easy to install hope it'll last long. Kudos to the seller üòä"
falc0n23,5,2022-09-07 12:38,"Appearance:no physical damage
Quality:good quality

working na mn lahat high/low"
jeffreysolidumtamayo,5,2023-08-04 10:59,"Suitability:10/10
Quality:10/10
Appearance:10/10

Mabait si seller .. legit and madali kausap.
Thanks po sa uulitin .recommended seller."
jervinperez1208,5,2022-12-06 06:04,"Appearance:Maganda yung product
Quality:Legit maliwanag.

Thank you seller tska kay kuya rider."
kenlionel20,5,2024-05-09 00:38,"Appearance:good
Quality:good
Suitability:good

Good quality sana tumagal ang buhay nya salamat seller and rider and salamat shopee."
nohjblas67,5,2023-12-15 09:09,"Quality:i cant judge it for now hoping it will last a lifetimeüòÖüòÖ
Appearance:legit di mumurahin ang dating

Legit plug n play medyo nakabahan lang ako sa hi beam kasi prang hindi kasya buti nalang nakalikot at nagkasya"
khaleesi81,5,2023-12-16 19:26,Arrived the other day and item is working in good condition. Highly recommend. Price is reasonable. Item arrived on time.
aceboligao,5,2023-03-17 01:55,"hindi pa naikabit.
maganda packaging at mabilis dumating.
thank you shopee. üòäüòä"
rollytombado,5,2022-12-15 15:47,"Appearance:very good
Quality:very good
Suitability:very good

Maayos ang packaging ng item at thank you seller at shoppee ang bilis dumating."
jreine85,5,2023-06-19 16:25,"Appearance:ok
Quality:ihope ok

Maganda at malaks din ung light . Mukang good ang quality naman Hopefully tumagal pleaseeee Base sa picture isa lang ang pinalitan ko dyan Pero prang sumabay sya sa pricey na ilaw heheh Salamat seller"
jonvbernardinojr.,5,2022-12-17 01:50,"Appearance:good
Quality:great
Suitability:great

Madaling dumating...fits perfectly sa vios 2015 gen 3..sana matagal bago mapundi..maliwag din sya super white!"
chrimt88,5,2022-10-29 06:59,"Appearance:good
Quality:good
Suitability:good

Di ko pa maiinstall, na stock ako sa cavite dahil sa bagyo, nasa manila ung kotse ko, sana um ok pag uwi ko."
dexterhugue27,5,2023-06-10 06:41,"Suitability:good
Appearance:good
Quality:good

Problema ko sir di ko makabit mali ang order ko dapat 9006 or HB3.. nag order ulit ako ng socket pang HB3 9006. 
H11 ang inorder ko. Salamat seller ang bilis ng deliver"
ranchiekevbiz,5,2023-10-12 10:26,"Quality:10 out of 10
Appearance:10 out of 10
Suitability:10 out of 10

Ordered Received In Good Condition and Packaging this is my second time purchase this Item"
locco_lala,5,2024-04-03 13:32,"Quality:Excellent
Suitability:Excellent fit
Appearance:Excellent

Fast shipping. Works really well. Super bright, hope it will last long. 
Highly recommended seller."
y*****r,5,2023-09-01 06:02,"Quality:excellent
Appearance:very nice
Suitability:excellent

Legit novsight po siya. Thanks seller at jnt."
d*****6,5,2022-09-27 13:32,I am happy and empressed...Sana lang tumagal nga kahit 5 years man lang üòÅ money worth Naman at mabilis Ang delivery.
y*****8,5,2022-09-01 09:18,"Appearance:good
Quality:good
Suitability:good

it works fine, easy to install ..sana mgtagal at d kaagad ma pundi, thnk u seller and thnk u din sa raider na ng deliver."
pitesorio,5,2023-08-13 07:52,"Appearance:good
Suitability:good
Quality:good

Will my ratings once installed and tested st night"
jjnatividad19,5,2024-05-16 09:44,"Suitability:maganda
Appearance:maganda
Quality:high

Maganda yung quality oorder ulit ako soon"
bme48zaenb,5,2024-01-20 04:19,guds na guds ang prod.. fit  din po xa sa hyundai grace singkit.. plug and play mga lodi.. mabilis ang shipment.. salamat sa seller and sa snappy na courier.. hope it last kahit 1 year haha.. salaamt shoppe! üëç‚ù§Ô∏è
vincesitchon,5,2024-01-06 14:39,"Appearance:Not yet opened
Quality:Sealed
Suitability:Not yet opened

Hoping this works well! Thanks seller."
jonascalaay,5,2022-11-14 11:45,"Appearance:10
Quality:10
Suitability:10

Super kapal bubble wrap tnk u seller"
p*****1,5,2023-02-08 16:54,Good quality po at ang ganda ng product at sulit na sulit naman po ang binayad mo muka namang tatagal thank you po sa seller
m*****3,5,2022-12-16 23:23,"Appearance:ayos
Quality:2pcs sa box
Suitability:ayos

Plug and play sa DA .. ang liwanag din.."
hxnchmxn,5,2023-09-15 03:00,"Quality:Good

Nice LED, super bright hope will last longer, high brightness more visibility goods for long rides and mountain rides.."
neiloraa,5,2024-05-18 10:55,"Quality:good good
Suitability:afordable
Appearance:nice

thanks seller nd rider maayos ang pagka packing nd pag deliver."
rgjhayjhay122920,5,2023-11-16 03:53,"Appearance:very nice
Suitability:very nice
Quality:very nice

ayos na ayos legit sya nakabit ko na sa sasakyan gumagana lahat order na kayo ang ganda nya thank you seller"
sofaire,5,2022-09-28 12:27,"Appearance:Quality product
Quality:Great
Suitability:Compatible

I hope it will last longer."
rjcanturiasbeliganio,5,2023-01-24 11:58,"Appearance:Very clear very satisfied
Quality:Good
Suitability:for bajaj Re"
s*****4,5,2024-03-09 05:29,Seller sent out the item immediately. Delivery was fast and received the item without any damage. It was well packed. Will order again.
r*****8,5,2024-08-31 03:40,"Suitability:excellent
Quality:excellent
Appearance:very nice

goods n goods yung product, nkabit ko n rin, mas mura kesa s magpkabit sa mga shop, thanks seller mganda pgkabalot and mabilis dumating, laki ng natipid ko dahil s inyo! highly recomended tong shop n to!!!"
anthonylabrador762,5,2022-09-02 06:24,"Quality:goods na goods
Suitability:goods na goods

Pangalawang bili ko na to..di talaga ako binibigo ng item na to pati seller..."
shawngt,5,2023-10-09 15:05,"Suitability:FIT
Appearance:good
Quality:good

Sana magtagal to katulad nung una kong binili"
j*****s,5,2023-07-18 08:11,"Suitability:headlight for adventure
Quality:100
Appearance:Good Condition

Legit seller and nice seller thank you for fast responce and good quality item God bless"
princecjecaipang,5,2023-04-03 05:03,"Suitability:legit novsight
Appearance:astig
Quality:original novsight

thankyou seller and shoppee"
huskynigo,5,2022-10-19 12:05,Good quality sa abot kayang halaga. Madali siyang install. Plug and play.. hindi na mahirap mag drive ng gabi.. maraming salamat po
deneth27,5,2023-12-15 03:39,"Quality:10/10
Appearance:10/10
Suitability:10/10

Thank you so much seller and raider"
makelmendoza14,5,2022-11-16 08:57,"Appearance:very good
Quality:very good
Suitability:very good

Na received ko na item. Gawan ko ng content ito sa Youtube channel ko, Kuya Makel"
mangaoangelie,5,2023-05-23 10:11,"Suitability:perfectly fine
Appearance:nice packaging
Quality:good item

It's definitely brighter than my old bulbs shown in the third photo. Hoping it would last long"
grailstone,5,2022-12-25 22:10,Legit item. Light is bright. Hope that it will last long.
jerome_sl,5,2024-09-09 22:50,"Quality:Good
Appearance:Nice
Suitability:Plug & play

Securely Packaged. Fast delivery.

Trusted shop. Thank you !"
rien888,5,2022-11-18 03:40,"Quality:10/10 with warranty
Suitability:10/10
Appearance:10/10

Super dark tint ko pero Ang liwanag sa gabi at Ang wide Ng buga nya kita ko na Daan without high beam"
jardia,5,2023-09-22 04:44,All item is working and the seller will update you step by step of shipping process thank you shopee and seller
jennifermoisescapangpangan,5,2023-01-14 02:57,"Appearance:Good
Quality:Good
Suitability:Fit

It was a functional one. Packaging is good as well as delivery. My husband attached it already and it lights."
ronaldfronda17,5,2023-08-26 10:28,"Appearance:very good
Quality:very good
Suitability:easy to install

We‚Äôll order another items from this seller probably. Highly recommended. Fast delivery."
d*****y,4,2022-08-24 11:50,"yung H11 akala ko yellow, diko rin na check nung mag order ako.. parehas white ang headlight at foglight ko tuloy.. anyway, very good nman.. na test kona knin.. so far wala nmn prob.. maayos pa ang packaging.. 2 thumbs up seller at yung rider, sinabihan dn nyako na video before at while opening pack"
j*****n,5,2024-01-27 08:54,"Suitability:10/10
Quality:10/10
Appearance:10/10

Sobrang ganda at mukhang quality naman. Kahapon ko inorder na deliver na agad ngayon. parang 24hrs lang ganon kabilis ang delivery. Medyo nakaka inis lang mag message sa seller kase auto generated lang lage nagrereply. ganon pa man salamat pa rin sa smooth at mabilis na transaction. recommended shop."
edsalting,5,2022-10-19 05:43,"Quality:Very Good
Suitability:Suitable
Appearance:Very Good

Have fitted and tested bit still to check during the night. Will update later.
As update, the lights were stable tho, white color is good in places where roads are totally dark. Umber lights still the best in city streets. 
 Thanks to ALL, SELLER, COURIER, MR. RIDER AND SHOPEE."
nenengc12,5,2023-11-28 01:38,The seller is good in responding for the after sales. Thank you seller! Sana ibigay mo talaga ung voucher para mkabili ng bago. Would recommend this shop!!! Nu mamati kayu. Kasi dadael met ti inted mu ket bagam agited kami ti lima nga bitwen tapnu ikkan na kami ti kasukat na diay dadael nga inted mu. Isu nga sikayu nga gumatang basain nyo nagidiay sabali nga comments.
j*****t,5,2023-09-14 02:47,"Good Quality product seller is also responsive to the concerns 
Highly Recommended"
daddydadoo,5,2023-10-01 00:32,"Quality:excellent
Suitability:for H4 Headlight Vehicles
Appearance:excellent"
w*****r,5,2024-01-04 09:41,"Suitability:Fit
Quality:VG
Appearance:Nice

The item was well packed and delivered in the expected timeline,,, maganda yung item and both functioning high and low beam. Thanks to the seller Legitimate."
glenpabonfortaleza,5,2022-11-14 11:14,"Appearance:good
Quality:good
Suitability:good

maganda ang pagkakabalot at hnd sira ang box nya kaya lng hnd q p natesting sana lng gumana salamat seller"
councilorianabas,5,2023-07-05 08:39,"Appearance:nice appetance
Suitability:very good
Quality:not yet installed hope its okey"
k*****_,5,2024-09-22 14:43,"Appearance:nice
Quality:nice
Suitability:nice

the only way i could ever be able is to get my own car to work for a month or so before the pandemic hit so that my"
s*****e,5,2022-07-29 05:07,Legit novsight product affordable price thankyou very much seller fast deliver makakausap mo pa seller to give you discount
vhins13,5,2023-04-21 00:18,"Suitability:good
Quality:good
Appearance:ok

Ok na ok, malakas"
patriciamaearipal942,5,2023-05-04 11:46,"Appearance:good packaging no damage at naka sealed
Suitability:plug and play
Quality:100%

Grabe yung quality ng ilaw napaka lakas para kang naka mini driving light. Bili na kayo. üëåüèªü´∂üèªü´∞üèª"
k*****6,5,2024-10-06 00:39,"Suitability:Correct
Appearance:Nice
Quality:Nice

Well packed and recieved with no damages. Will update once installed"
vallejomotoaccesorires,5,2023-07-09 07:38,"Suitability:good
Appearance:good
Quality:good

Maganda pagkakabalot.
No damage.üëç
Thank you seller"
khalidstore95,5,2024-04-05 08:50,"Quality:10/10
Suitability:10/10
Appearance:10/10

Highly recommended product thank you seller and shopee, mabilis po delivery 6days dumating na dito sa mindanao"
l*****o,5,2022-12-11 16:25,"Appearance:Perfect
Quality:Best
Suitability:Great

Thank you so much for keeping my item safe and secured. Quality is very good. Perfect for my car. Thank you so much, ‚ù§Ô∏è‚ù§Ô∏è‚ù§Ô∏è"
yanaliam,5,2023-09-02 07:34,"Quality:super legit yong item salamat seller at salamat shoppee

at shout out sa SPX express sobrang bagal mag dilever"
c*****e,5,2023-06-09 05:48,"Appearance:Good.
Suitability:Good.
Quality:Good.

Item received without damage. Thank you! Will order again if needed."
8qt5pkgi51,5,2024-10-21 11:48,"Quality:ayos maliwanag na ilaw ko ..sana lang mag tagal...
Appearance:very good
Suitability:very good"
bunngepitulan096,5,2024-09-10 03:59,"Appearance:100
Suitability:hndi pa na try
Quality:100

Thank you seller ü§ôüèª‚ú®"
j*****e,5,2024-10-29 06:32,"Suitability:5/5
Appearance:5/5
Quality:5/5

Nice and bright white. Thank you seller"
m*****7,5,2024-04-28 04:22,"Suitability:good
Appearance:maganda
Quality:mukang matibay sana magtagal

Ang bilis dumating ng item mabait Ang seller Saka Yung rider na nag deliver. Salamat po .."
winchgaming,5,2024-10-20 02:08,"Quality:Such a good product for its price

BTW the second image is only low beam pa."
novemrey,5,2023-07-06 10:43,"Quality:Goods yung quality
Appearance:Goods rin appearance
Suitability:Hopefully tatagal.

Novsight led headlight. save energy, more power fir your car."
lagosmarlon,4,2023-11-12 07:37,"Appearance:Good
Quality:Good

Maganda pero di kupa na try i kabit sa sasakyan ko , pero ok naman sya sana di pundi gaya ng iba."
alfredbrospeedmartinez,5,2023-02-08 01:55,"Quality:Good Quality
Suitability:5 star

Nice led lights maliwanag sa gabi,"
ainjho,5,2023-07-29 04:51,"The item is very good it has a nice appearance, solid quality and ok suitability. I hope all sellers are like you and disappoint a buyer so keep it up always may god bless you. Maraming Salamat Shopee!"
j__iivzy7x,5,2022-05-18 08:53,"Bagong produkto, gumagana nang mahusay, ang liwanag na output ay malakas, gusto ko ito, salamat"
tocs46,5,2024-10-23 12:57,The bulbs function well and I hope they will last longer. The seller is responsive and transparent and for sure we'll order again. Thank you and God bless.
argeraldo97,5,2022-11-16 13:26,"Suitability:very goo
Appearance:Very good
Quality:very good

good packaging and quick shipout by seller. item works perfectly. thank you!"
oi1vz87ahzmadblc9hdtl4l2tid4,5,2023-07-18 06:32,"Suitability:very good kaayo Ang items order Ako unit
Appearance:very good
Quality:very good"
rjaesymyx3,5,2024-04-04 12:23,"Suitability:perfect
Appearance:excellent
Quality:good and fair

fits my toyota altis 2002 model and its easy to install no need pay for someone to install it. maliwanag sya same ng nka hi beam na halogen ko. kaso need ko bumili pa ng pang hi beam para mas malinaw. ang nkakadismaya lng ay hindi nka bubble wrap. ung mga courier pa nmn binabalibag lng mga parcel. buti nlang di nadamage ung item and working sya."
phoenixgirl11,5,2023-11-18 11:03,"Suitability:good
Quality:good
Appearance:good

fast delivery.. mabait and responsive si seller.. happy with my order.. will order again.. thanks seller!"
amhielovesadhie_15,5,2023-01-18 04:14,"Appearance:well packaging
Quality:nice quality
Suitability:fits to my Honda Civic Fc 1.8

Nice packaging since the item need to be secure. already try the item and it perfectly fits on my unit. When it comes to delivery time , its earlier as the tentative delivery date. We‚Äôre surely order again‚Ä¶ Thanks to sellerüëå"
j*****d,5,2023-10-08 03:05,"Appearance:Good
Quality:Good

Okey naman na try na namin, gumana both! thanks seller! God blessed!üíï"
jln0501,5,2022-09-19 09:09,The product looks good. It perfectly fits on my cx-7. Hope it will last longüòä
c*****8,5,2024-08-18 13:08,"Quality:10/10
Suitability:10/10
Appearance:10/10

Nice product, high quality it fit to the car highly recommended will order again soon P.S. Photo is not related , thank you shopee"
j*****7,5,2024-10-12 12:19,"Appearance:good
Suitability:good
Quality:good

Working and good packaging."
chisa27,3,2023-06-25 09:14,"Quality:great quality
Appearance:great
Suitability:great

At first ung isang set lng ng h4 ang ndeliver pero nacontact din at napahabol din nman ng seller ung kulang na set ng h11..."
jeffreyyopipsmercado,5,2024-01-06 06:10,"Quality:very good
Suitability:very good
Appearance:very good

thanks seller sa maayus na pack at safe nmn yung item"
r*****a,5,2024-08-05 14:01,"Suitability:good
Quality:good
Appearance:good

Arrive within ETA/received in good condition/good packaging/will order again/happy selling/thank you so muchüòägoods"
rovenabagat,5,2023-04-05 12:45,"Appearance:10
Quality:10
Suitability:10

Thank youuuuu"
angelobasco099,5,2023-07-11 14:52,"Appearance:goods
Suitability:maganda xa
Quality:mukhang matibay naman

Ang bilis ng pagkashipped ng seller in two days nasa baguio na ung jnt courier na assign ang nagpatagal pinaabit ng 4days inbes nung dumating ei deniliver agad ei hindi ta pinatulog ng 2days sa hub pero kay seller maraming salamat dq pa nakabit kasi hapon na deniliver bukas q pa malalaman kung all goods ba"
jhenem28,5,2023-08-06 07:11,Good quality ang sinaw nya sa dilim... salamat worth it ang price nya... pro sana mag tagal
kingkimwel,4,2023-02-16 22:53,"Appearance:good
Quality:good
Suitability:good

Hindi ko pa nakabit pero parang maganda yong quality"
,5,2022-05-21 08:57,The item was so good condition & the packaging bubble wrap it properly. Thank you seller üëå
mariatheresa553,5,2024-04-09 01:33,"Quality:supergood
Suitability:super brightness
Appearance:with warranty sticker

Recommended this item, so good and quality product..."
e*****4,5,2024-07-22 07:21,"Suitability:fit
Quality:10/10
Appearance:very nice"
hayuban83,5,2023-11-15 10:22,"Quality:good
Suitability:good
Appearance:nice

Legit item. Thank you sellerüòâ"
davebinayaolavictoria,5,2024-09-30 13:02,"Quality:ok Ang item
Suitability:fits sa Navara D40 ko
Appearance:nice design

Ok Ang item..dati ginagamit ko fog lamp if gni aNg byahe ko , especially pag maylan..pero nga malinawag na ..ok talaga Ang original Novsight headlight ledlamp.,"
jshanrhey,5,2023-09-15 05:01,"Suitability:10/10
Quality:10/10
Appearance:10/10

Maganda po. Salamat seller"
raztahman,5,2024-08-18 15:10,"Quality:Good
Appearance:Good
Suitability:Great!

Ordered and arrived faster than expected. Replaced stock bulbs and definitely had a significant upgrade."
mark.martin12,5,2023-10-17 10:12,"Suitability:saktong sakto H11 for Innova 2.8 next Yung park light Naman
Quality:I will order again
Appearance:what you see is what you get

Apakaganda apakaliwanag na ni innoyasha snowball ko üòÅüòÅüòÅ"
stevenmendozaiii,5,2023-12-19 10:17,"Suitability:10/10
Quality:10/10
Appearance:10/10

Sobrang Ganda at napaka Dali ikabit. Solid ang ilaw kahit Malabo lens napakalinaw parin. Diko Lang na picturan pero sobrang ganda. Yan Lang pic ko salamat seller"
g*****a,5,2023-10-20 09:42,"Appearance:ganda!
Suitability:maayos at madali ikabit
Quality:asteeg

Ganda ng items! Panalo! Sana magtagal sya. Salamat seller!"
keroooooooooo,5,2024-07-19 04:36,"Suitability:10/10
Quality:10/10
Appearance:10/10

Tried and tested. Everything works well. Hopefully it lasts for a long time. I highly recommend this shop"
cumaling24,5,2023-12-01 06:24,"Suitability:10/10
Appearance:10/10
Quality:10/10

Woww ka nice sa item sana gumana Salamat seller üëçüëç Salamat shoppee üëçüëçüëç"
johnmelvinjate,5,2024-07-07 05:31,"Suitability:good suitability
Quality:good quality
Appearance:good appearance

thank you seller napaka ganda yong item nagustohan kopo subra üòçüòçüòçüòç"
ikuzobearchan,4,2023-11-30 11:58,"Appearance:10/10
Suitability:9/10
Quality:9/10

very nice lakas ng ilaw sa r3 ko hehehe.."
bhossmacky28,5,2024-02-07 01:10,"Quality:legit nmn
Appearance:very good
Suitability:d ko pa na try

Maganda ang item at mukhang legit nmn. Kinabahan lang ako kasi walang buble wrap. Mabuti nlng walang tupi yung karton  at walang damage ang Bulb. 5 star parin. Pero sana kahit kunting buble wrap manlang. May fog lamp pa nmn akong order. Sana same parin walang damage ang box."
petercarlos,5,2024-04-20 13:26,"Quality:goods
Appearance:goods

thank u legit seller sorry late rating hinintay ko muna ma install goods na goods ung mga headlight."
allancerdina,5,2023-12-19 15:59,"Suitability:10
Appearance:10
Quality:100‚ÑÖ

Trusted kuna ang Novsigth. Malakas tlga at napakaliwanag. Ang pinag kaiba lng nito bago ko order. Wala sya balas pero goods na goods padin. Salamuch seller. Keep it up"
dionesiojasmin,5,2024-01-29 06:43,"Appearance:good
Quality:pending
Suitability:pending

Seen good quality.. but have not tried yet."
j*****8,5,2023-11-19 11:31,"Appearance:bnew
Suitability:Suits perfectly
Quality:Superb

Seller is very responsive to my inquiries. Complete items fast delievered with tender, love and care. Brandnew product."
macmac1982,5,2023-06-19 12:46,"Quality:good
Suitability:fit sya
Appearance:maganda

Maliwanag"
siremonsen909,5,2023-06-28 23:16,"Appearance:good
Suitability:good
Quality:super

Ang Ganda po Ng led nyo good quality order ako nito ulit sa falight ko Naman ang sunod Kong ordering.thank you seeler"
ailpxnvl_a,5,2023-12-04 17:14,"Suitability:nice
Quality:quality kung sa quality
Appearance:Ayos!"
w9urgvkf3w,5,2024-03-09 08:48,"Appearance:good
Suitability:good
Quality:good

100% super bright maliwanag talaga legit store orig ang item tell nex purchase ‚ù§Ô∏è‚ù§Ô∏è‚ù§Ô∏è‚ù§Ô∏è‚ù§Ô∏è"
a1cbm3dho1,5,2022-12-17 21:14,"Appearance:Good
Quality:Good
Suitability:Good

Till next transaction"
geraldmilar,4,2023-08-17 12:40,"Quality:good
Appearance:good
Suitability:good

Legit item and seller"
kennedyabiada,4,2023-07-17 18:57,"Quality:good
Suitability:good
Appearance:good

Brighter than stock bulb. But not super as in bright. üòî thank you anyway"
at5abpx_rq,5,2023-12-23 10:04,"Appearance:nice nd clear light
Quality:good quality

Xnxa na late upload maganda sya tingin ko matibay nmn salamat po seller.."
johnrelbulado077,5,2023-02-22 16:15,"Quality:verry good
Suitability:good na good
Appearance:good

The LED bulb is super bright maliwanag pa sa sikat nang araw satisfied po ako, thanks to the responseble seller üëçüëçüëç"
fsymfg4xw1,5,2023-12-17 03:53,"Quality:Great
Appearance:Great
Suitability:Great

It's a great product, I recommend this one if you are looking for brighter head light na pasok sa budget, even na naka dark tint ako mas maliwanag ko nakikita labas compare sa halogen, thumbs up ako dito and ang bilis din dumating. kaya nung nakita ng sister ko nag order na din sya para sa auto nya hehe. thanks sa seller and dun din sa rider"
thumpsmontera,5,2024-07-01 09:35,"Quality:VeryGood
Suitability:VeryGood
Appearance:VeryGood

NapakaSulit po talaga all working po üëç salamat po seller üëåüôå"
m*****9,5,2023-01-04 08:38,"Fast and smooth transaction
Wellpacked and no damage
Quality is worth the price
Highly Recommended shop here"
iamchristianjay014,5,2023-06-26 05:06,"Appearance:excellet
Suitability:bright
Quality:goods

Goods try ko maya gabi ung liwanag nya"
tonyotonyo123,5,2023-04-10 06:18,"Appearance:good

Satisfied customer üòä seller is also very accommodating"
chriztnicolasdelrosario,5,2023-11-09 00:57,"Appearance:good
Suitability:good
Quality:good

Mabilis dumating at working xa responsible c seller s update tpos mabait din un raider 
Salamat po"
_7ig6e21oy,5,2024-02-28 05:45,"Suitability:very good
Quality:Very good
Appearance:very good

101% legit seller 
what you is what you get!"
pot2617,5,2024-03-18 08:54,"Quality:good
Suitability:not yet installed
Appearance:good

Receive my order here..h11 n hb3 for my led headlight..not yet installed..tnx seller n shoppe n boss rider.."
g*****_,5,2024-08-04 04:14,"Appearance:excellent
Suitability:excellent
Quality:excellent

Napakabilis dumating. . Dq pa naiinstall pero sana gumagana sana matibay . Maraming salamat seller salamat din shopee . ‚≠êÔ∏è‚≠êÔ∏è‚≠êÔ∏è‚≠êÔ∏è‚≠êÔ∏è"
ratzkiemapzkieowel,5,2023-06-05 13:44,"Appearance:good
Suitability:good
Quality:good

First order ko sa seller na ito. Maganda ung items. Satisfied po aku. Order na kau dito mga lodi."
praxybaldoza,5,2023-06-18 07:51,Ayos pagka package. Di ko pa naikabit. Sana malakas yung ilaw
elchief1,5,2023-05-20 09:28,"Suitability:very good
Quality:very good
Appearance:very üëç

Good job. I have installed it in my Toyota Corolla XL 2E and found perfectly fit . H4.
I will surely order again for my Ford everest.
Highly recommended. I will test at night. But already can see the difference."
puorpogi,5,2024-03-02 12:01,"Quality:good
Suitability:good
Appearance:good

Thank you seller"
t*****y,5,2024-02-11 03:23,"Suitability:Good
Appearance:Good
Quality:Good

Maraming salamat po... Sana tumagal..."
j*****3,5,2023-05-20 10:02,"Maliwanag yung LED headlights. Color white. Box completely sealed, brabd new talaga. Item shipped immediately. Will order again."
darylgdongallo,5,2024-05-24 06:25,"Quality:10
Appearance:10
Suitability:10

Perfect fit for may toyota rush G 2019 fog lamp.. thank you seller"
j*****8,5,2023-09-24 07:05,"Quality:10
Suitability:10
Appearance:10

Hope the product is working after it be install. fast delivery. Thankyouüëç"
p7a35dzhjz,5,2023-03-24 15:37,"Suitability:Saktong sakto
Quality:Very nice
Appearance:Maliwanag na maliwanag. Satisfied ako"
ekmajoi5jy,5,2024-08-16 13:18,"Suitability:10/10
Appearance:10/10
Quality:10/10

Super legit!!"
r6yf3e8d9w,5,2022-12-14 07:56,Kkdeliver lang knina ni kuya pinalagay n ng mister ko ok sila maliwanag nmn po sila.Tnx seller mabilis n delivery.
2*****y,5,2024-07-05 02:24,"Appearance:10
Quality:10
Suitability:10

Maayos po ang item and good quality. Naipadala agad and gumana pagka-install. Maraming salamat seller and kuya rider."
nioernestzamora,5,2023-09-24 13:17,Appearance:saktong sakto sa mb100 maganda sya malakas solid Neto good üëçüëç
m*****i,5,2024-01-07 09:03,The package came by so fast kahit holiday season mabilis talaga kapag j&t nagdedeliver. Thanks seller legit product and mas mura talaga here
t*****3,5,2023-10-06 12:30,Works fine with my suzuki swift 2015. I hope it last. Bilis din ng shipping as per endorse dumating agad in 3 days :)
l*****a,5,2023-11-13 11:22,"Quality:good
Appearance:good
Suitability:good

Fast delivery ty sa seller
Sana tumagal .ok ang brightness compared sa stock bulb. easy to install sa  vios 2023 wla pa 5 mins .thumbs up sa seller at s nag delivery. Pagipunan ko pa ung pra s high beam hb3."
harupahop,5,2023-04-19 10:54,"Appearance:good
Quality:good
Suitability:good

Look sturdy.."
markyfurio,5,2022-12-09 15:29,"Suitability:verygood
Appearance:verygood
Quality:highquality

okie sya legit na original working lahat and malinaw talaga. sana tumagal"
j_12abufr0,5,2024-01-09 16:47,"Suitability:ok
Quality:good
Appearance:good

Legit seller"
escasa16,5,2023-01-10 01:14,kaganda ng novsight grabe ka liwanag ng ilaw na ito . super sulit ang bili mo dito d ka magsisisi kaibigan . easy to install pa
armandyferrer,5,2024-09-08 07:52,"Quality:maganda
Appearance:maayos

Maaga ang pagdating ng product, kaysa sa nasabing petsa.."
r31z_kzk0f,5,2024-08-05 03:29,"Suitability:good
Quality:nice

legit seller.
ang ganda po ng item.."
i*****s,5,2023-11-30 07:48,"Quality:superb
Suitability:fit sa ecosport 2015
Appearance:durable

Good dahil may freebie pa si seller"
mtjsniper,5,2023-02-27 04:31,"Appearance:ok
Quality:ok
Suitability:ok

recvd ok. akala ko sira. but problema lng reverse yung pag assmble sa factory. gnawa nlmg ng mechanic biniliktad yung connection sa sasakyan. ayon umilaw na. so far ok nman sya. better than the original. thanks again. but kindly chek on the wiring reverse po sya."
p*****5,5,2022-09-04 11:24,"Appearance:good
Quality:good
Suitability:good

fast delivery. maliwanag sya. perfect sa gabi lalo na pag dark ang tint. sana lang tumagal."
spice2019,5,2022-12-06 21:23,"Appearance:Very good
Quality:Very good
Suitability:Very good"
jacijaz,5,2024-03-11 07:29,"Suitability:10/10
Quality:10/10
Appearance:10/10 all is good thanks seller! God bless"
r*****1,5,2023-12-21 08:05,"Appearance:good
Suitability:perfect for my DA17V
Quality:good"
ryanhsaro,5,2024-05-13 14:20,"Suitability:10/10
Quality:10/10
Appearance:10/10

Thank you po sa uulitin,"
jimsonseli,5,2023-01-24 06:32,"Appearance:excellent
Quality:durable
Suitability:nice fit for my car.

Arrived sealed and complete. No problem encountered upon delivery. Thank you very much."
a_i_03,5,2024-10-23 04:05,"Quality:10/10
Suitability:10/10
Appearance:10/10

Not yet tried. but looks legit."
kenjie28,5,2023-11-14 12:14,"Appearance:100%
Suitability:100%
Quality:100%

Product is of good qualityüëå."
lesterenriquez,5,2022-10-21 11:53,"Suitability:it fits well on my Ford Everest Titanium! Thank you.
Appearance:awesome!"
ronjove,5,2023-01-19 22:51,"Appearance:good
Quality:excellent
Suitability:good

Thank you seller and the courier....."
armandyferrer,4,2024-09-08 07:48,"Quality:maganda
Appearance:maganda

Maganda yun product pati pagkaka-balot, walang sira, pati yun box, walang yupi ibig sabihin, maayos at maganda ang paghandling nila."
r*****o,5,2022-11-05 12:23,"Appearance:nice
Quality:hope will last long
Suitability:good

Good product hopefully it will last longer üòÄ"
waistv982,5,2022-11-02 23:16,"Appearance:perfect
Quality:verygood
Suitability:na

Already install it hopefully last long w/o issue.thank you seller"
ronneldapat,5,2023-10-24 12:32,"Suitability:100%
Quality:Very good
Appearance:Very good

Nothing to say! Watch the video."
delight_mom,5,2022-10-13 08:53,"Appearance:excellent
Quality:ganda
Suitability:great

Dko pa nakabit pero ok naman to cgurado..kc nakasealed ang  box ng dumating..salamat po sellerüòäüòä"
b*****r,5,2024-02-20 23:31,"Quality:‚≠êÔ∏è‚≠êÔ∏è‚≠êÔ∏è‚≠êÔ∏è‚≠êÔ∏è
Suitability:‚≠êÔ∏è‚≠êÔ∏è‚≠êÔ∏è‚≠êÔ∏è‚≠êÔ∏è
Appearance:‚≠êÔ∏è‚≠êÔ∏è‚≠êÔ∏è‚≠êÔ∏è‚≠êÔ∏è

Napakagandang item. Super liwanag. Okay pang upgrade sa stock."
sannyme1978,5,2023-07-30 14:01,"Quality:very Good
Suitability:great
Appearance:nice

di lang nagustuhan na e kabit ko na last night at ginawa ko ito diy napaganda napaka liwanag legit talaga at mura na kaysa mga local na benta dito sa cebu gandang item"
dndmoto7,4,2023-04-11 04:07,Thank you I have received my order . All are in good condition . üòäüëçüôè
gtoby74,5,2024-02-03 19:46,"Quality:good
Suitability:good
Appearance:good

Sana tumagal"
pitou28,5,2022-06-12 05:35,"Appearance:goods
Quality:goods
Suitability:goods

thank you happy buyer here will order again soon waiting for the fog light thanks again. well packed! keep safe po salamt kuya rider"
marcuzraine070985,5,2022-11-21 03:16,"Appearance:good
Quality:good
Suitability:flickering on my avanza 2009"
jergelgozun,5,2024-02-14 16:38,"Appearance:good
Suitability:good
Quality:good

ok sya.. nilagay ko sa motor.. pero sana next time bigyan ng choices kung 1pc or 2pcs bibilhin.. kc ung iba gaya ko sa motor ilalagay"
mhinniearguelles,5,2023-08-08 11:11,"Appearance:Good
Quality:Good
Suitability:Good

Thanks seller the items is good and working no damages and thanks din kay kuya rider...üòç"
p*****i,5,2023-11-11 06:25,Maliwag cya at hindi sabog. Kita ang daan ng hindi nasisilawan ang kasalubong. Bilis din yung delivery. Salamat seller at kay mabait na driver
joshmorales0106,5,2023-08-02 04:33,"All goods nmn ung item hnd pa na try sa gb.e..thank you sellerüôè
Nv350 2023üëå"
c*****a,5,2022-10-27 14:49,"Appearance:mute week of DJ or eh n it DJ if gusto ng go
Quality:yan ng eto ok na rin fan he do it bc SK IGN n
Suitability:to go DJ be 30 of eto ok na we pa eh j of DJ it DJ if FEU ng"
i*****3,5,2023-03-12 06:11,"Appearance:Excellent
Quality:Excellent
Suitability:Excellent

pagka dating kabit agad ang ganda legit malakas ilaw nya, napaka solid"
jerumjabbs,5,2023-05-19 10:17,"Appearance:10
Quality:10
Suitability:10

Hb4 led headlight 9006 fit to 2013 Toyota vios plug and play easy to install quality and affordable price ."
alejandrouy,5,2023-07-13 04:55,Kaka recieve ko lang now mabilis maipadala baka bukas ko pa maikabit Hopefully okie sya at walang maging problema at tumagal din po sana Thanks God bless
iamerick007,5,2023-12-24 04:03,"Appearance:Looks good
Quality:seems nice

Shoutout to Sir EemzYT for sharing this.link. Feed back again once nakabit"
rjaijem,4,2023-09-07 13:29,"Quality:very good
Appearance:very good
Suitability:very good"
m*****8,5,2023-08-19 09:59,"Suitability:üëç
Appearance:Good. There's no damage or whatever.
Quality:Haven't tried it yet but I think it would be good."
p*****5,5,2024-08-29 12:10,"Appearance:As shown on video..
Quality:very bright

Added it today, was hesitant at first since the other light didn't turn on, unplug it then plug it back, good thing both is working fine and very bright. Thanks Shopee and seller. Do hope it'll last long like other expensive brands."
drin12pogs,5,2023-10-01 00:13,"Suitability:Verygood
Appearance:Good
Quality:Good

Okay ang pagkakabalot ng item mabilis din dumating at Good Quality ang item üòÅ"
,5,2022-05-21 11:03,"The quality is good, the packaging guarantees the safety of the product, the delivery is fast, thank you for your good service"
e*****z,5,2023-11-28 08:46,"Suitability:good
Quality:super good
Appearance:excellent

Ganda legit na legit salamat seller subukan ko sana tumagal ng ilang yrs mabilis din dumating 2days"
dadsmaceda,5,2024-05-15 09:47,"Quality:Great quality
Appearance:Looks well-designed
Suitability:Plug and play

I'll definitely order again. Well done, seller!"
jhayallbeedo,5,2023-01-08 13:15,"Appearance:10/10
Quality:10/10
Suitability:10/10

Highly recommended....ang ganda ng product...."
tolls37,5,2023-10-02 11:23,"Suitability:good
Appearance:good
Quality:good

Working,good product and legit.thank.ypu seller at shopee."
1*****7,5,2024-09-15 11:20,"Appearance:good
Quality:good
Suitability:good

Legit store 2nd order recommended"
geromevasallo,5,2024-05-05 13:05,"Suitability:good
Quality:good
Appearance:good

Maayos ang pagkaka balot"
efrodibnabdulwahab,5,2024-05-25 08:02,"Appearance:Good packaging
Quality:Good
Suitability:fits perfect for Honda Civic FD"
silvino26,5,2023-12-13 13:24,"Suitability:good
Quality:good
Appearance:good

Maganda ang product, maayos lumakas na ang headlight ko, tnx seller and riders too"
weng26mendoza,5,2023-11-11 14:16,"Ok nman sya, maliwanag at easy to install din. Salamat po seller at kay rider na rin sa pagdeliver ng maaga."
jonathanbinaohan,5,2023-04-17 13:50,"Appearance:10
Suitability:10
Quality:9

Excellent."
welsonaldeguer,5,2023-03-15 03:54,"Appearance:good
Quality:good
Suitability:good

Received the items in good condition.."
r*****o,5,2024-02-24 04:48,"Appearance:very good
Suitability:need to test
Quality:need to test

received product faster. sealed and packed. need to test"
j*****r,5,2022-06-27 16:13,"Appearance:In pristine condition
Quality:Excellent quality

Fast delivery, item securely packed. Walang damage or scratches. Thanks seller!"
chamberlainbrigz,5,2022-12-09 00:55,"Appearance:100% original
Quality:lig.on kaaung inatay

palit namo namo kay perti jung gwapoha sa suga. hayag pas imo kaugmaon."
a*****y,5,2022-12-26 07:08,"Madali lang ikabit at sobrang linaw talaga, nakalow light sobrang liwanag pa rin. Masisilaw ang kasalubong. Maraming salamat!"
iann12345678,5,2024-02-27 02:59,"Quality:10/10
Suitability:good
Appearance:10/10

Thank u seller item is üëç"
guydoromal150,5,2024-10-21 11:28,"Quality:very good
Suitability:perfect
Appearance:elegant

Fits my 3rd gen vios"
duncan0429,5,2023-09-13 01:56,"Suitability:Good
Quality:Good
Appearance:Good

Suited sa Mitsubishi Adventure."
rizatorres446,5,2023-04-28 13:50,"Quality:Good
Suitability:Saktong sakto
Appearance:Good at safe naman nakarating"
ulyssesdelima,5,2023-04-25 10:53,"Quality:goodd
Appearance:good
Suitability:good

Legit.....works well....mwahhh"
h*****o,4,2024-06-21 14:43,"Suitability:Nice
Quality:Nice
Appearance:Nice

Update. Mag blink2x na pag uminit na cya. Mahirap komuha nang warranty nila hindi parin napalitan.. Mahirap ma contact yung seller."
mervin_m,4,2024-10-14 01:05,"Appearance:good
Suitability:good
Quality:fair

Suitable to my unit. Just an average brightness. Typical substitute to average halogen light if you want to upgrade on LED headlight. Still recommend to purchase higher lumens if you want more brightness. By the way, high beam is not as vivid as what you expect. You cannot appreciate the brightness of high beam for an average price of this product."
s*****t,5,2023-04-21 03:20,"Appearance:Nice
Quality:Excellent
Suitability:Compatible

TOYOTA WIGO 2016 üëç H4
Very accomodating seller just approach them if you have queries.."
d*****a,5,2024-02-22 12:59,"Suitability:good
Appearance:good
Quality:good

Maganda siya sanabtumagal ang ilaw di masira agad pag ojay siya will buy again thanks seller and riders again"
ujee2018,5,2023-09-09 06:01,"Quality:I think it's of good quality but haven't tested them yet
Appearance:like what you see on their pictures shown here
Suitability:suits H4 bulb sockets"
crisantonytusi,5,2023-06-27 03:35,"Appearance:goods
Quality:goods
Suitability:goods

Thank u seller goods na goods po xah  . . .nice pero hndi pa xah na try pero goods. . ."
j*****n,5,2024-10-01 03:42,"Quality:Good
Suitability:Satisfactory
Appearance:Good

Quality of item is as per expectation.

Seller is very responsive and keeps you updated of your orders. Thank you very much seller."
jeffreyvu,5,2024-05-21 23:17,"Suitability:very good
Appearance:very good
Quality:very good

super worth it, ganda nya malakas tlga.. ty ty"
heartyupod,5,2024-04-29 16:38,"Quality:100üíØ
Suitability:VERY GOOD
Appearance:VERY NICE

APAKAGANDA NG ILAW SA HEAD LIGHT üö® ANG LIWANAG THANKS SELLER AT DUMATING ON TIME ANG ORDER KOüòç GOD BLESS PO üòò"
denmarkquiambao232,5,2023-09-23 12:29,"Ok un product, maliwanag, nakakagana pumasada sa Gabi, panalo..

Sana nagtagal sya."
v*****o,5,2023-11-30 08:07,"Quality:Vgood
Appearance:Vgood
Suitability:Vgood

Maliwanag siya compared sa original di nako maka pag intay na matry ito sa gabe hehe.Napaka accomodating ng seller at napaka professional. May slight na problema lang pero inentertain parin ni seller para ma insure na okay at walang problema yung napadala, if ever meron man willing din sila mag replace basta acceptable reasons lang or factory defect siguro.Two Thumbs up talaga hehe. Maraming salamat seller ü´∞üèªü´∞üèª"
anthonybacoy399,5,2024-08-20 09:53,"Appearance:excellent
Quality:excellent
Suitability:excellent

so happy with this headlights 
i order it yesterday and i received it today, very satisfied customer here. thank you seller.  this shop recommended."
fahadaliwampa,5,2022-12-27 15:03,"Appearance:good
Quality:good
Suitability:good

Maganda sya at cute pero sana tumagal dis advance nman nya kng my alikabuk cguro ung fan nya"
sirhczeuqirne,5,2022-12-14 16:50,"Appearance:original product
Quality:all complete

I am saying the product that I‚Äôm using is very good and the light is very bright. It‚Äôs also easy to install within less than 10 minutes highly recommended Seller"
jash133657,5,2022-09-14 05:16,very nice. sinubukan ko kagad at lumakas yung ilaw ng headlight ng sasakyan. satisfied ako sa nabili ko. recommend ko sa mga tropa
fontelo_erljun,5,2023-01-06 13:02,"Appearance:very nice
Quality:very nice
Suitability:very nice

Thank you po! Hindi pa na install. I hope it works"
bonbry0521,5,2023-02-15 01:01,"Appearance:vg
Quality:vg
Suitability:di pa nakabit

Legit, ambilis dymatibg. Advance ng 5days sa eta nya. Thanks"
mckevin2021,5,2023-04-14 03:48,"Suitability:amazing
Appearance:amazing
Quality:amazing

maganda yung ilaw pero ikakabit palang para matry kung malakas pero maganda tlaga sya.."
roycatana,5,2024-07-13 07:47,"Quality:excellent
Appearance:packaging excellent

Seller has a pro active on monitoring the product offer..and it helps..."
d*****e,5,2024-04-30 15:28,"Quality:good
Appearance:nice

Thanks seller sana lang magtagal yung headlight bulb super liwanag nya din ang ganda sa uulitin will order again"
yajyaj377,5,2024-03-07 06:44,"Appearance:10
Quality:10
Suitability:10

wala ako masabi solid item,legit sellerüí™"
deelara16,5,2023-05-06 23:57,Thank you seller ganda ng item worth it sa price.
melvintenorio075,5,2023-02-21 05:30,"Suitability:üòÄ arrived earlier than i expected
Appearance:perfect
Quality:fit to my car exactly"
r*****n,5,2023-10-31 05:42,ang ganda at bilis ng shipping ni seller talagang mapagkkatiwalaan ang shop na ito safe din ung packaging nya kaya no worries masira
j2008528a,5,2023-06-22 09:48,"Quality:10/10
Suitability:10/10

Arrived on time. No damage on the packaging. Product works well. Bright light. Use it on my motorcycle. Thus I still had one spare.
Thanks"
khelica18,5,2023-02-17 14:34,"Suitability:10/10
Appearance:noce products
Quality:10

Sobrang linaw ng ilaw hindi ko pa na adjust ung lens ng headlights ko kaya ganyan ang buga pero goods na goods siya, naka medium black tint ako maliwanag kahit nasa loob ka ng sasakyan maraming salamat seller legit ung product iwas disgrasya kasi super bright na ung head light ko"
charis_bernardo,5,2022-10-15 03:18,very good item well pack and safe. timely delivered. now its safe for me to drive at night well lit qnd easy to install. Looking forward to last long thanks seller and to the courrier
antimanobryab,5,2023-02-14 02:52,"Quality:super nice
Suitability:super nice
Appearance:super ganda

Super ganda small but terible sobrang lakas nea"
nsalv,5,2022-12-01 11:21,"Appearance:good
Quality:good
Suitability:good

havent tried to install the product yet but ok nmn ung packaging. mabilis din nadeliver. hopefully ok ung product.if good ung priduct will definitely buy again. thank you seller"
nalnamulyaj,5,2023-04-18 13:00,"Suitability:quality
Appearance:very satisfied
Quality:super satisfied

100% legit mga Sir slamat Seller napaka safe nang items wla na ako masabi recommended this shop salamat and God blessed po."
joshua1308,5,2023-11-30 05:39,"Quality:good
Suitability:good
Appearance:good

Thanks sa seller üòÅ at sa tropang Kong rider labya"
091727benz,5,2023-12-13 08:55,"Appearance:10
Suitability:10
Quality:10/10

Thank you seller,ang ganda subra pro hindi kupa na install pra makita gaano ka lakas"
jordancochero95,5,2022-10-06 13:25,"Appearance:Good
Quality:Good

Goods m Good yung item. salamat seller. sana gumana at mag tagal na rin.  more power sa shop mo sir"
kenkenkendesarapen,5,2022-09-12 16:02,"Appearance:good
Quality:nice
Suitability:excellent

maganda naman sya will edit my rate nalang pag di tumagal. As of now nagustuhan ko sya walang bubble wrap pero goods naman yung package kasi sa loob ng box may foam"
j*****z,5,2023-11-04 06:42,"Quality:Excellent
Suitability:100% Fit
Appearance:Excellent

Corolla sb installed"
c*****l,5,2023-08-13 08:12,"Appearance:Excellent
Suitability:For All kinds of Vehicle
Quality:Excellent

Maayos yung Seller order mo ngayon kinabukasan matanggap mo na‚Ä¶ Ang liwanag ng Novsight parang araw lang yung gabi‚Ä¶Salamat sa seller,shopee at sa courier.."
crizaldoal,5,2023-11-05 12:07,"Appearance:100
Suitability:100
Quality:100

ok na ok, sana may yellow, madali lang din ikabit. ty"
antoniofaelnar,5,2024-01-09 14:45,"Suitability:Perfect
Quality:Quality
Appearance:Good

The lights are identical to the one I had before, but they are brighter than regular lightbulbs and don't even bother me when I use high beam. I'm grateful üòäüôè"
oddclothingph,5,2024-08-16 14:02,"Suitability:10/10
Quality:10/10
Appearance:10/10

Sana tumagal üòÅ"
jordanpeterrodriguez,5,2023-01-07 12:09,"Appearance:H4
Quality:Ganda solid
Suitability:solid Ganda tlga"
j*****o,5,2023-09-01 05:31,Ok yung product. Maliwanag sya & madali ikabit. Sundin lng instructions sa website. Affordable din sya. Good replacement for stock headlights. Sana tumagal.
wilfrenv.padora,5,2022-10-14 12:19,"Ok sya,on time ang dating.maganda.pangawalang besis na ko umorder nito.üëçüëç"
winrichmiguelvelota,5,2023-07-06 04:58,"Nagkamali man sa item na pinadala  nung una pero mabilis nagrefund si seller kaya 5 stars pa din. Nagplace order ako ulit, tama na ang pinadala at mabilis ang delivery. Working ang item pero mamayang gabi ko pa matatry kung gano kaliwanag. Salamat seller."
mikiemontegrande,5,2022-10-10 01:56,"Appearance:good and packed well by the seller
Quality:nice
Suitability:very fit

Ganda ng lights and fit talaga sa honda Jazz 2019 ko. I will order again if it will last longer."
s*****e,5,2023-01-08 02:37,No visible dents on the box. Kudos! üëçüèº
jonal21,5,2023-07-05 03:14,"Quality:good
Suitability:good
Appearance:nice

Ok naman sya mas malakas sa stock bulb, legit. Nakukulangan lang ako sa brightness dapat pala 20,000 lumens above. Pero goods naman. Thanks seller"
gregromero302,5,2024-10-04 13:56,"Appearance:Good
Quality:Good
Suitability:Good

Maganda maliwanag yung ilaw nya salamat sa seller at rider mabilis lang dumating yung item ko na kabit ko din agad pagka receive ko ng item."
karisangemlaronsacopla,5,2023-09-12 15:31,"Quality:Excellent
Appearance:Excellent
Suitability:Excellent

Excellent product."
adriannew,5,2022-10-10 11:25,"Appearance:Excellent
Quality:Excellent
Suitability:Excellent

Very bright , I hope that it will last long, thank you!"
rose_jangmi,5,2022-12-11 05:01,Sana magtagal at Mabilis lang din naship. Nanghingi ako ng resibo para maconfirm legitimacy pero walang nakalagay
maulaha,5,2023-01-28 18:05,"Appearance:good
Quality:good
Suitability:good

Not yet installed, hope maayus and tumagalüôÇüôÇ
Thanks seller"
marlon6535,5,2023-11-28 05:27,"Suitability:tamang tama sa vios
Quality:nice
Appearance:beswa

Na test ko kagabi maliwanag kahit maulan. Ok pati kausap ang nag deliver nakiusap ako na ideliver sa ibang time dahil wala ako sa bahay. Wala naging problem."
anthonykyrie,5,2023-03-22 14:16,"Quality:Hope tumagal
Suitability:10/10
Appearance:10/10

Highly recommended lakas nya kitang kita ang dinadaan plug and play... Ar sa presyo nya sulit na sulit hope tumagal sya üôèüòä"
rickyboyj,5,2023-12-12 14:25,"Quality:10/10
Appearance:10/10
Suitability:10/10

No photos but i recommend this shop thier product are good and seller is always updating thank you seller and to rider as always"
joelcaratihan,5,2023-01-13 07:04,malakas yung headlight. goods na goods ang quality.
jxmarcusb,5,2022-12-16 03:38,"Appearance:Same as what they posted
Quality:Nice
Suitability:Sakto lang siya

Good packaging and mabilis ang delivery"
johnvi18,5,2022-10-01 05:03,"Appearance:well and safely packed
Quality:looks sturdy
Suitability:vios gen2

After installing, the light is flicker and upon my research it needs canbus or resistor to maintan the voltage it needed.. coz light is fine but it is flickering.. so i need to fix it to make it stable.."
franciscobonsilao838,5,2024-06-03 02:07,"Appearance:good
Quality:good
Suitability:good

good quality"
allan005,5,2024-03-04 23:08,"Suitability:good
Quality:good
Appearance:good

salamat seller"
r*****1,5,2023-02-25 02:46,"Quality:Sobrang lakas.
Suitability:magdedepende sa unit ng sasakyan po. magagawan naman ng paraan.
Appearance:parang legit naman.

Maganda naman pagkakabalot. Mukhang legit naman. At nung sinalpak na. Ang ganda."
m*****1,5,2023-01-19 07:57,"Appearance:well package
Quality:very good
Suitability:very good

Hi seller, thank you for the replacement of the items.
All LED‚Äôs are working good! Already installed to my car. Thank you very much. We‚Äôll order again! Recommended seller!"
n*****5,5,2022-12-17 14:43,"Quality:good
Suitability:good
Appearance:superb

Worth s price nya..maGanda ang item..sna tumagal..d q p na install s auto..legit seller.highly recommended s mga kaibigan..thank u seller & shopee."
,5,2023-11-26 07:04,"Appearance:very good
Quality:very good
Suitability:very good"
vinz030694,5,2024-09-08 14:23,"Suitability:ok sakto
Appearance:ok
Quality:Good

Sana tumagal.. di sia ganun kalakas . Pero ok narin sa price nia 6k lumens"
bryannencinares,5,2023-01-28 14:25,"Suitability:10
Appearance:10
Quality:10

Original na original quality Ang itsura Hindi mumurahin lang"
kramyabar,5,2024-05-04 21:00,"Quality:Great
Suitability:Great
Appearance:Great

Sa una hinde namin alam paano ikabit pero mayroon naman how to install videos sa youtube at naikabit nman ng wlang issues."
roelescudero,5,2022-11-05 09:23,"Appearance:Very Good
Quality:Very Good
Suitability:Very Good"
ramirura8262,5,2024-04-06 08:56,"Quality:very good
Appearance:very good
Suitability:very good

okay na okay sya kaka salpak lang namin sa crosswind malakas talaga sya, sana tumagal ty seller at kay suking rider ü´° order uli ako sa sunod!!"
virgmariano,5,2022-10-27 02:01,"Appearance:10/10
Quality:10/10

-bilis ng pagkakaship. safe sya nakarating,secure ang box

-nasubukan ko na at nasilaw ako sa ganda. lumiwanag na ilaw ng heal light ng auto ko. pwede na makipag bulagan sa nakasalubong

- highly recommend tong seller nato. 
salamat sa uulitin.  chao!"
d*****a,5,2022-08-18 03:33,"Appearance:good
Quality:good
Suitability:good

Item was shipped immediately, five stars for fast delivery. There was no bubble wrap to protect the package, hope this thing isn't damage during it's shipment. Hope this works well. Five stars for now."
serrano.jorene,5,2023-09-11 09:54,"Appearance:good
Suitability:good
Quality:good

sana tumagal..."
jerumjabbs,5,2023-05-10 07:10,"Quality:üíØ quality
Suitability:easy to install
Appearance:angas Ang dating

Panalo Ang porma sakto Sa vios  ko highly recommended  this store salamat po seller"
erwinfrancisco139,5,2024-01-15 12:26,"Quality:Solid
Suitability:Good
Appearance:Good

Thank you"
m*****r,5,2024-07-01 02:09,"Suitability:Perfect.
Appearance:Amazing
Quality:Excellent"
yoggie1126,5,2024-01-19 03:24,"Suitability:10
Quality:10
Appearance:10

Di ko pa na try. Edit ko na lang yung comment kung sakali."
,5,2022-06-23 14:29,Ganda ng product lakas naman ilaw heheh thanks sellerüòòüòò
i2v2egovz0,5,2022-09-21 06:34,"LED lights installed and working fine. So easy to install. Plug and play lang. It also helped a lot na may indicator dun sa item sa proper alignment.
Delivered quick too. 
Thank both the seller and courier."
mpabl002,5,2023-11-03 20:30,"Suitability:100%
Appearance:100%
Quality:100%

The product is good. Very fast delivery. It is very affordable. Sana magtagal. I am so happy with the purchase. Sobrang liwanag."
j*****a,5,2023-01-11 07:04,"okay sa 2014 Ford Everest.
Size H4 sa headlight H11 sa foglight
Thanks"
cjgardose,5,2024-10-06 10:17,On Fortuner 05. Super sulit for the price. Easy to install.
x9olcftub0,5,2022-05-18 08:56,"Ang malakas na output ng liwanag ay tulad ng ipinapakita sa figure, napakahusay na ginagarantiyahan ang aking paglalakbay sa gabi, napakasaya ko, at ang bilis ng paghahatid ay napakabilis din, ito ay nagkakahalaga ng pagrekomendaüëèüëèüëèüëèüëçüëçüëç"
dloberanes,5,2023-07-23 14:10,"Suitability:Excellent
Quality:Excellent
Appearance:Excellent"
g*****4,5,2023-04-13 12:20,"Thank you seller for these items. Nth time of ordering from this seller. Items were of good quality as usual and is durable as well. Seller may not respond to queries often but i assure you that their products are of good quality. Looking to more transactions with this seller. God bless everyone.
Ps. Sorry pics not related to items üòÖ"
riclendilig,5,2022-10-30 15:10,"Salamat po! Safe na safe po dumating ang item üòä salamat po kay seller at mabilis din naman nadeliver, Makakaulit po ng order pag nagka budget ule maraming salamat po üòä‚úåÔ∏è"
jesskateluc,5,2023-08-12 08:31,Super doper maganda para sa toyota wigo ko... Salamat seller. Sa insakto led light para sa car ko. Salamat talaga 5star ka s akin... Dito na kayu bumili swabe sa bulsa swabe sa ilaw.. Mark my word mga ka LED.
p6op1rvw744jukolcxq2qp7zaihn,5,2024-02-21 11:37,"Suitability:good
Quality:very good sana tomagal sa aking lancer super liwang ang ilaw bibili pa ako uli para may reserba ako kc lagi long distance ang biyahe ko mairecomenda ko itong ilaw na to sa mga hindi pa nakasubok subokan niyo maganda siya.
Appearance:good

Super liwanag very good."
ezekielreyesmiranda,5,2024-01-03 04:10,"Appearance:exccelentooooo
Quality:excelentooo
Suitability:excelentoooo

Mga pre bili na kayo dito! Kung di kayo bibili dito edi wag hahaha basta goods na goods tong novsight nila and umaaandar ng maayo and walang sira and sobra liwanag parang kukunin kana. Hahaha yun lng salamat seller!"
davebosaing,5,2023-01-26 04:33,"Appearance:very good
Quality:excellent
Suitability:excellent"
nardnidom,5,2024-01-24 07:22,"Suitability:good
Appearance:good
Quality:good

I recomend this shop, napakabilis dumating and very responsive c seller. Sa item naman, legit talaga, what you see is what you get. Kelangan mo lang talaga alamin kung ano talaga ang para sa sasakyan mo pra di rin magkamali ang ipapadala sayo. Thanks ulit....."
m*****e,5,2022-08-21 10:16,Appearance:Good quality! Satisfied customer here.
w*****z,5,2022-10-23 10:27,"Appearance:nice. ganda.
Quality:matibay
Suitability:suitable to any car.

Iadjust mo lang yung sasalpakan ng bulb. Basta make sure di gagalaw. üòÅ
Kudos seller and shopee."
drewdriel,5,2024-09-29 15:45,"Quality:Good Item
Appearance:100%
Suitability:100%

Thank you seller for safe packaging and no damage item, Brand new Novsight LED. This item good for night ride."
bonbonline,5,2024-03-24 23:17,Ok naman mabilis dumating yung product well packed siya at as good as its advertise.what you see is what you get legit items po recomended ko yung seller na to keep up the good work seller.
rockylaguiab,5,2023-01-03 11:58,"Quality:good
Suitability:fit naman sa vios ko 2012 model
Appearance:good

I was just installed in my car, so i wish na magtatagal, siguro bibili uli ako maganda"
ilvinhiezoposuarez,5,2024-07-23 13:37,"Appearance:good
Quality:good
Suitability:good

Well package safely delivered good quality and rider is good and ready for the next one to be delivered perfect thank you"
eriqalisasis,5,2023-12-28 14:32,"Appearance:very good
Quality:very good
Suitability:very good"
alextacdol657,5,2023-12-20 12:03,"Suitability:Sakto sa Mirage G4 sobrang daling ikabit
Quality:matibay
Appearance:goods na goods

Maganda yung product the best sobrang bilis dumating din. Sana tumagal"
gracielapangandianaguilar,5,2023-11-02 00:02,"Appearance:good
Quality:good
Suitability:good

Ok nman d k p maxado na checheck  let me see kapag install na sa kotse Namin Sana maging ok naman siya at magtagal...mukhng la naman damage Ng product at nka bubble wrap Naman thank you seller at rider delivery..."
m*****s,5,2023-12-09 06:41,"Appearance:DEFINITELY 100%
Quality:1000000%%
Suitability:100000%%

Honestly it fitted well for my Fortuner 2007, infact I didn't expect for a 10k lumens to be that bright.
The seller is very accommodating and legit ang products nila.
Hindi peke at hindi nagbubust yung led nang binebenta nila, tska the led light doesn't glare any motorists sa kalsada kasi properly alligned yung pag install ko.
At first akala ko mapupundi siya After 1 month or 2 months pero the results is really amazing.
Iv'e been using the lights for 5 months na, sana tumagal yung ilaw ko hehe
So far wala namang nag flicker sakin sa kalsada dahil sa ilaw ko.üòÖ
Kudos to the seller godbless you! ü§©
Wala pa yung video ko and photos"
joycecarpitanos,5,2023-03-04 15:25,"Appearance:very bright
Quality:very good
Suitability:suits my wigo 2016

I used it on wigo 2016 and avanza 2010. It fits well, it works well. It did not disappoint. Will super recommend!! Media just for coins."
p*****y,5,2024-03-21 10:30,"Suitability:Very Good
Quality:Amazing
Appearance:Same as photos

Easy to install, some delay though from when turning off from high beam to low beam. But it gets the job done. Thank you seller!"
deoangelicosabado,5,2024-01-01 03:07,"Quality:excellent
Suitability:excellent
Appearance:excellent

Parcel arrived as expected with complete sealed package..sulit ang ganda ng product..thank you seller"
kickass3,5,2024-05-24 13:00,"Quality:excellent and impressive

Wow! Just finished installing it in my Chevy Orlando! She now has new white bright eyes üòáSo happy with it üòá great value for money.. great product! Thank you seller"
jabs_0808,5,2023-01-26 05:20,"Quality:10/10
Suitability:10/10
Appearance:10/10

It works really well and the way the seller wrapped the item was brilliant! I will order soon! I really appreciate the item!
u got 5stars for me!!!"
emgasid,5,2023-11-06 11:00,"Quality:Excellent
Suitability:looks excellent, we'll see
Appearance:Excellent

mabilis dumating yung item
kung ano yung nasa pic and yung liwanag same
naguupdate si seller via messages sa shoppee
approved!"
r*****n,5,2023-12-01 10:08,Napakabilis ng shipping and delivery nya wala pa ytang 3 days kasi pagorder ko to receive agad ehh kaya kudos much sa seller
d3tj_97x34,5,2022-04-02 10:30,"Nice product, the seller is very responsive to my queries. Also, the product is good. I install immediately this LED bulb in my car when I received the parcel. the item is well packaged and I am very much satisfied with this product. Hope this will last long.Recommend you to buy!"
8*****p,5,2023-12-07 13:06,"Suitability:good
Appearance:good
Quality:good

Hindi ko p sya nagagamit,maganda naman pagkakabalot mabilis syang dumating salamat seller,shoppe at rider"
jheyrodan,5,2023-05-01 10:49,"Suitability:nice
Appearance:good

Tnx seller 2times n aq nag order"
xkengggg,5,2023-08-06 06:00,"Appearance:maganda
Quality:ayos na ayos
Suitability:Very good

Sealed ang packaging nila kaso may mga yupi lang , pero maganda pa din yung products nagana lahat at malakas"
dhondhon060,3,2023-10-16 11:15,"Suitability:good
Appearance:saktu lng..mura lng din kasi....
Quality:good"
marlond.dulatre,5,2023-08-10 05:58,"Quality:very good
Suitability:very good
Appearance:very good

Pag nakalow prang mas maliwanag pa sa low ng navara ko. Maliwanag sa gabi as per wifey. Mirage g4 unit pinaglagyan ko. 
Sana tumagal, ang worry ko lang pag nagpa engine wash ako bka mabasa. Sana masagot ni supplier if ok lang mabasa pag hindi patakpan ko n lang if maalala koüòÇ."
vinsantos122,4,2022-12-16 22:01,"Appearance:good

bilis dumating...dko p nakabit sana working pareho ung ilaw...pra maging suki si seller..."
majinbu1106,5,2023-12-29 23:39,"Appearance:the best
Suitability:the best
Quality:the bedt

Recommnmended seller"
akosilawrencecaps,5,2024-01-12 02:22,"Suitability:Good
Appearance:Good
Quality:Very good"
yelnatsnaitsirhc,5,2022-10-27 23:19,"Quality:Superb
Suitability:Perfect
Appearance:Amazing

Very good upgrade for your LED! Amazing quality. Need lang  magpalit ng luminaire ata for better quality. Seller is responsive."
k*****8,5,2023-12-19 01:49,thank you for sending complete items and in good condition. items are individually packed. items are same as shown in the picture.it came earlier than expected.will order again soon
h*****y,5,2023-05-05 05:00,"Quality:Nice
Appearance:Great
Suitability:Good

Thanks seller and rider"
unokwatrosais,5,2024-05-23 02:51,"Appearance:good
Quality:I think it's good
Suitability:good

Nice and fast delivery"
cramtreblazedlav,5,2023-02-01 04:47,"Appearance:nice product

maliwanag sya malakas. quality"
jeffire,5,2023-02-24 05:32,"Suitability:GOOD
Appearance:GOOD
Quality:GOOD

Photos ano video are not related sa product. Anyway, working yung ilaw nya maliwanag saktong sakto sa toyota wigo."
ladymaddogz,5,2023-06-14 07:41,"Quality:üíØ good
Suitability:good
Appearance:üíØ

Thank you Po"
cheken21,5,2023-07-11 06:49,"Quality:awesome
Appearance:perfect
Suitability:plug and play to my yamaha r3

Thank you seller‚ù§Ô∏è"
nelsonedwardmalacaman,5,2024-07-10 00:21,"Appearance:perfect
Quality:good
Suitability:good

Pag lagay sumabog ang 10amp fuse for left head light ng revo ...
Pinalitan k ng 15amp fuse ... All goods na thanks seller... 
May 2 p n sasakyan para palitan ng orion headlights cant wait to buy again..."
hfv9yzfcdc,5,2024-01-08 22:58,"Quality:good
Suitability:good
Appearance:good

Maganda sya and sulit for its price. Plug and play literally. Solved na solved na si wiggy d na natatabunan yung ilaw nya pag may kasalubongüëå"
achillespitt,5,2023-12-05 10:29,"Suitability:perfect
Appearance:great
Quality:good

seller is responsive 
perfect fit for my honda city 2016 model
hope it will last long."
yakal62,5,2024-03-25 04:49,"Quality:Superb
Appearance:Excellent
Suitability:Perfect"
linggay23amazarray,5,2022-11-29 15:21,"Appearance:good
Quality:good
Suitability:Avanza 2017"
m*****n,5,2023-01-02 14:21,"Appearance:good
Quality:good
Suitability:good

All working hope will last"
l*****3,5,2023-04-09 08:34,Highly recommended! Was very pleased to drive again at night because of these! Delivery was fast. It came a day after ordering it on line. The product is easy to install without the help of a professional. Compared to the cost and the quality this is worth it
napoleonmontejojr.,5,2023-12-07 06:02,"Suitability:10/10
Quality:10/10
Appearance:10/10

Delivered early as expected."
b*****8,5,2022-08-03 05:03,"Appearance:excellent
Quality:excellent
Suitability:excellent

Napakaganda! Ginamit ko sa honda city idsi hindi nakaka silaw sa mga kasalubong at very easy to install. Thanks seller!"
p*****0,5,2023-11-08 12:38,"Quality:Looks high quality
Appearance:Very Well packed
Suitability:Will be installing it soon

Over all Thumbs up to the Seller for items looking high quality and as well its packing. Hope this product will last. Will update soonüëçüëç"
luczonvincent,5,2023-11-20 12:01,"Quality:10/10

Good quality, malakas. Sana mag tagal üòä"
rodienmatibag,5,2023-02-26 11:52,"Appearance:very good
Quality:very good
Suitability:very good

Okay ang product na ‚Äòto malakas ang liwanag niya, pero hindi ko pa nasubukan sa gabi sana tumagal"
ricille27,5,2023-04-22 06:47,"Quality:good
Suitability:Effective
Appearance:handy

Very usefull lalo na sa long ride  kailangan magbyahe ng madaling araw Maganda ang lakas at liwanag talaga"
josephlanzcapuyan,5,2024-05-27 11:41,"Appearance:Good
Quality:Good
Suitability:Good"
enricojrhmemije,5,2022-12-10 01:19,"Appearance:9/10
Quality:9/10
Suitability:9/10

Fit sa RS200"
samdorwinnesdou,5,2024-08-17 21:54,"Quality:good
Suitability:good
Appearance:good

Jesus, thank You for Your life on earth. giving us access to Your wisdom, Thank You for guidance, and teaching As we go through life together as Your followers, help us to encourage and remind each other of Your Word. Thank You for giving us the opportunity to worship and praise You together. Amen."
jabroni_03,5,2024-08-16 13:23,"Quality:10/10
Suitability:10/10
Appearance:10/10

Before mo install basahin mo yung naka sulat sa orange tag, para sure gumana siya. 24 hour shipping"
erhonniethan,5,2024-02-29 02:32,"Appearance:very good
Quality:very good
Suitability:very good

Mganda ,, secured ung items at mabilis pa dumating, salamat sa sealer highly recommend.."
jnthanf,5,2022-10-04 03:23,"good quality, fast delivery, 5 star deserved"
vincekyrie06,5,2023-01-28 18:27,"Appearance:amazing
Quality:amazing
Suitability:amazing"
d*****e,5,2023-03-20 23:58,"Quality:8/10
Appearance:10/10

Nice product! Great improvement sa stock halogen ng 89 corolla ko. Noticable din yung decrease sa consumption sa battery!"
jomeda0805,5,2024-09-13 03:33,"Appearance:Good
Suitability:Matched with my Toyota Innova
Quality:Looks good"
hunyotifa143,5,2022-09-23 13:50,"Appearance:good
Quality:good
Suitability:good"
armark_cb24,5,2024-08-15 13:11,"Quality:good
Suitability:nice
Appearance:nice

My car is a mirage hatchback, ok Naman Ang fit, mas malakas din Ng konti sa stock lights tsaka naka tint kasi ako kaya parang kulang pero pag lumabas ka sa car, malakas Naman Siya, nasisilaw mga kasalubong sa low beam niya. Ok narin for it's price, hopefully magtagal itong product na ito,  for the deliveries ok din mabilis din dumating Yung order. Working both lights, easy to install."
baselioquinlog,5,2023-09-03 13:10,"Suitability:good
Appearance:good
Quality:good"
abdulradfyabdullah,5,2024-10-28 09:40,"Suitability:üëçüèæ
Appearance:good üëçüèæ
Quality:good üëçüèæ"
y*****7,5,2023-05-24 21:55,"Quality:good
Appearance:good
Suitability:good

picture not related
medyo nahihinaan ako parang same lang ng buga sa stock pero working naman sana tumagal. pogi na din ilaw kasi led na at mas tipid na siguro sa battery hehehe"
r_johann,5,2023-12-21 03:34,"Suitability:Perfect
Appearance:Nice
Quality:Good"
d1z756boy_,5,2024-07-14 13:29,"Appearance:10/10
Quality:10/10
Suitability:10/10

next time paki ballot na bubble wrap"
cycy2328,5,2023-11-03 04:52,"Appearance:kung ano ang order mo yun din tlga.updated c reseller laging ng update kung naship na ba nila tapos svhan kapa kung my damage mgsabi lang.
Quality:10 over 10"
ronbaniladiv,5,2024-04-24 09:47,Quality:the products  is good quality and i received in a time
marvinthemartian101,5,2024-04-06 06:45,"Appearance:Super Ganda
Quality:High Quality tlaga xa
Suitability:Hope tumagal

Medyo ngda doubt aq nung una khit mdami reviews na magnda. Pero pagdating nilagay q agad at d nga aq ngkamali. Super ganda nya at npaka sturdy.

Muka xang matibay at pinag isipan tlaga! 

Oorder ulit aq next time. Very satisfied aq xa pagbili.

Thank you so much xa seller and xa npaka bait na rider! ‚ù§Ô∏è"
y*****8,5,2024-06-27 02:45,"Quality:good
Appearance:good
Suitability:good"
s*****e,5,2024-05-13 11:05,"Suitability:goods
Appearance:goods
Quality:goods

Napaka ganda nag test ako sa liblib na lugar at walang post lamp okay ang LED headlight nato salamat sana tumagal ty"
alexpineda013,5,2023-08-19 07:28,"Appearance:Good
Quality:Good
Suitability:Good"
wymi_50fn3,5,2023-12-21 03:49,"Suitability:good
Quality:good
Appearance:good"
tanruian,5,2022-12-29 07:26,"Suitability:Exceleent
Appearance:Excellent
Quality:Excellent

The product fits verywell to my suzuki transformer mini truck. Thank you seller and shopee, God Bless"
donaldgamido10,5,2023-05-25 02:37,"Quality:goods
Suitability:goods
Appearance:goods

Fit sya sa fog light wigo.. legit po ang shop.. ty seller.. sa uulitin.. headlight nman.."
mohdsaidringiagunting,5,2022-12-22 10:49,"Appearance:Nice
Quality:Good

Sobrang liwanag, sulit talaga yung item. At mabilis na naipadala. Salamat sa seller."
biancainnap.querol,5,2023-09-17 02:19,"Quality:100%

2nd order to this shop mganda ung items at tlagang sulit ung pgbili ko dahil masaya ung jowa ko sa bago niang ilaw na led headlights thanks seller‚ù§Ô∏è‚ù§Ô∏è‚ù§Ô∏è"
ernestramonmalanta,5,2023-11-29 11:28,"Suitability:9006 socket. fog lights
Quality:brandnew 75 watts
Appearance:new

Fog light po yan. Ang super liwanag. Tinalo pa yung hi beam na 120 watts Halogen lamp."
msfayerojas,5,2023-10-12 06:18,"Appearance:vg
Suitability:vg
Quality:vg"
ebuisan85,5,2024-02-18 05:00,"Appearance:10/10
Quality:10/10

Di pa nakabit pero ang ganda ng quality, thank you seller! Will order from this store again."
annemanalang,5,2024-02-08 17:42,"Quality:great
Suitability:angkop
Appearance:legit

The headlights I used in the car were just stock. it's blurry but when I used this head light it was very beautiful. the headlights was bright. I won't have trouble driving anymore. legit it's worth the price and there are many good reviews"
j*****n,5,2023-08-26 05:36,"Suitability:Good
Appearance:Good
Quality:Good

Not related picture and video for contemporary, everything is good for its price, nothinh to be worried since the item it self was built to satisfy the needs specifically does the job, and now I am grateful with it to be honest."
albertpacson_27,5,2022-12-05 05:28,"Thankyou seller napaka safe ng balot, maganda ung items!!üéâüòá"
jannozamora,5,2023-09-24 06:19,"Quality:Very Good
Appearance:Very Good
Suitability:Very Good

Ganda ng ITEM, subrang liwanag!!"
justine.vill,5,2023-11-04 04:09,"Quality:very good

ganda inorder ko sya ng Thursday 2 days palang dumating na napakahusay ng seller nito üëèüëèüëè"
vhince_1234,5,2023-12-15 04:52,"Appearance:100
Quality:100
Suitability:100

nice seller"
piaamaccss,5,2023-09-11 13:34,"Suitability:10/10
Quality:10/10
Appearance:10/10"
allangebeta,5,2024-01-06 13:21,"Appearance:good
Suitability:good
Quality:good

Goods nko sa ilaw at liwanag nya"
cjevangelista29,5,2023-10-04 12:00,Perfect fit! Malakas pati ang ilaw. Nakakatuwa itong pruchase na ito para sa mga kotse nyo mga boss. Highly recommend ü´∂üëå
t*****9,5,2024-08-13 22:55,"Appearance:Good
Suitability:Good
Quality:Good"
radsilario,5,2023-07-23 07:40,"Quality:very good
Suitability:very good

Thank you seller I receive the items in good condition  already tested and working good hopefully will last..üëçüëçtumbs up.."
yhankeedear,5,2022-10-03 13:04,"The item was well packed. Haven't unboxed it yet, waiting for my cousin to install it. Hopefully, this will serve its purpose and sana durable sya. Thank you seller and sa nagdeliver po.

Update: maganda sya, all lights are working, anlinaw pa."
patrick0899,5,2023-01-02 11:00,"Suitability:better car lighting on night time
Appearance:Package is intact
Quality:Great materials for its price

for the buyers I‚Äôll suggest to get 15000 Lumens type if you have a projector Low beam headlight"
r*****0,4,2024-02-02 12:38,"Suitability:ok
Appearance:ok
Quality:nice

Not sure pa Kasi di pa nagamit masyado ulit Ang sasakyan. Pero mabilis lang daw ikabit. Sana magtagal. Thank you seller sa fast transaction"
joeypicaso,5,2023-12-09 14:01,"Suitability:Perfect
Quality:very good
Appearance:very good

Works well, thank you seller. Keep it up."
jeckleoral_manong10,5,2024-01-24 11:14,"Quality:ang ganda..
Suitability:10/10
Appearance:10/10

Maganda gamitin guys.. mas maganda gamitin amg led kaysa sa hallogen. Di pa masisira lens ng headlight mo"
e3maj_v9b_,5,2024-02-27 02:49,"Suitability:perfect for me
Quality:like it, just hoping it will lasy
Appearance:very satisfied

It works as it was advertised, I like it just like I said, hoping it will last, thank you"
arisavellanefa,5,2023-01-16 08:44,"Appearance:10
Quality:10
Suitability:10

Good quality Ang Ganda po maliwanag po Siya nasubukan ko n sa Gabi Ang Ganda nice seller salamat at Kay kua jnt salamat din shoppe order ulit aq"
p4do0qgggr,5,2022-04-02 10:28,"Very good seller üëç
Excellent Quality - Yes 
Very Accommodating Seller - Yes
Well Packaged Comes with Bubble Wrap
Item Shipped Immediately - Yes"
k*****1,5,2023-08-11 16:05,"Quality:very good
Suitability:very good
Appearance:very good

Salamat seller, shopee, at rider sa product naka bubble wrap nilagay ko agad sa sakyan maganda tingnan."
mumang12,5,2023-02-05 14:21,"Appearance:super sealed
Quality:mas maliwanag siya sa stock
Suitability:üëç

Maliwanag siya and working condition siya tska sealed na sealed. Madali lang siyang ilagay

Sana magtagal siya and worth it sa price niya 

Xvczfgbbbjjugffbnkjyrdgjiiyfvnnjitfdbjjutffbjjugfvnjjhgvbjiugbjjuhgbnytgghjuytgjjjjiiiggnnjjjgfb"
ivanvilla24,5,2024-09-07 00:23,"Suitability:goods
Quality:goods

Good"
